JobTitle,Gender,Age,PerfEval,Education,Dept,Seniority,BasePay,Bonus,TotalPay
Manager,Female,19,1,College,Engineering,3,51068.44706781461,4996.375734401095,56064.822802215705
Financial Analyst,Female,37,2,Masters,Engineering,2,58032.23220825642,6723.282461813043,64755.51467006946
Data Scientist,Male,65,1,High School,Sales,1,89987.12,5029.53,95016.65
Warehouse Associate,Female,65,1,PhD,Engineering,1,71897.17554325971,10020.3795625186,81917.55510577832
Software Engineer,Male,44,5,College,Operations,3,103850.19,4184.0,108034.19
Marketing Associate,Male,51,2,High School,Management,1,87867.67,8707.07,96574.73999999999
IT,Female,52,3,PhD,Administration,3,87674.08572533367,3955.52266382356,91629.60838915723
Manager,Male,41,2,High School,Administration,5,81827.85,5374.97,87202.82
Sales Associate,Male,36,1,PhD,Management,5,136776.74,9308.1,146084.84
IT,Female,48,4,Masters,Administration,3,51134.214800512185,7497.680012855319,58631.8948133675
Software Engineer,Male,33,4,PhD,Administration,5,75663.61,3944.95,79608.56
IT,Female,24,1,High School,Engineering,1,108314.6759215954,6321.19468971231,114635.8706113077
Sales Associate,Female,35,4,Masters,Administration,3,52620.18454599453,5984.452545411823,58604.63709140636
Software Engineer,Female,33,4,Masters,Sales,1,63370.40272923525,8457.421526385566,71827.82425562081
Warehouse Associate,Female,45,3,High School,Operations,2,96690.56384130486,7741.222130434648,104431.7859717395
Manager,Female,35,2,Masters,Administration,1,84290.11962714804,2897.932437496322,87188.05206464436
Data Scientist,Female,28,4,Masters,Management,2,86332.43770851883,8909.353019778087,95241.79072829692
Manager,Male,27,3,PhD,Sales,2,112139.48,3795.65,115935.12999999999
Software Engineer,Female,65,5,PhD,Management,3,81803.56042021778,7974.797389632322,89778.3578098501
Sales Associate,Female,35,4,PhD,Administration,1,50997.56482980809,7079.090819592908,58076.655649401
Data Scientist,Male,38,3,Masters,Management,5,74939.6,6125.23,81064.83
Graphic Designer,Female,35,3,Masters,Management,5,71710.84793625784,7078.628779800381,78789.47671605821
Driver,Male,34,4,College,Operations,5,93198.56,5017.79,98216.34999999999
Warehouse Associate,Female,50,4,College,Operations,1,94470.83421168388,5726.70034686641,100197.53455855028
Manager,Female,23,5,High School,Engineering,2,127014.13972541766,5718.327054299798,132732.46677971745
Marketing Associate,Male,28,3,High School,Administration,4,72637.1,6166.02,78803.12000000001
Driver,Male,44,4,PhD,Engineering,3,80243.86,4968.14,85212.0
Financial Analyst,Female,42,4,PhD,Administration,2,96926.9895724571,10129.930140265102,107056.9197127222
Manager,Male,51,1,High School,Operations,1,36159.86,8982.71,45142.57
Sales Associate,Male,22,2,High School,Administration,3,119425.7,5170.96,124596.66
Sales Associate,Female,65,3,Masters,Administration,4,103552.11036387626,7634.179768704721,111186.29013258098
Manager,Male,57,1,High School,Engineering,4,92534.79,4200.31,96735.09999999999
Warehouse Associate,Female,38,3,Masters,Administration,5,72950.368893204,5591.039806150373,78541.40869935436
Data Scientist,Female,18,5,College,Operations,5,106589.25979753002,3972.0523731358007,110561.31217066581
Manager,Male,23,2,Masters,Operations,3,128130.11,11293.0,139423.11
Driver,Female,42,3,College,Management,4,72318.44430185268,9663.137938443548,81981.58224029622
Warehouse Associate,Female,64,3,High School,Administration,5,91989.92155591684,8089.628422150561,100079.5499780674
Sales Associate,Male,65,3,High School,Sales,2,94497.89,7507.21,102005.1
Manager,Male,43,4,High School,Sales,5,124563.52,6935.01,131498.53
Graphic Designer,Female,36,4,Masters,Engineering,4,80742.39496384397,4731.711797734819,85474.10676157879
IT,Male,63,4,College,Administration,1,65292.88,3357.69,68650.56999999999
Financial Analyst,Female,30,3,Masters,Management,1,115486.69694429703,8276.113340044567,123762.8102843416
Manager,Female,35,2,Masters,Engineering,4,93911.63685605959,7497.680012855319,101409.3168689149
Marketing Associate,Female,25,3,High School,Operations,5,68973.10301641127,3128.603446569541,72101.70646298082
Data Scientist,Male,33,3,College,Administration,2,80647.28,5042.37,85689.65
Warehouse Associate,Male,48,1,College,Management,3,89341.69,5453.06,94794.75
Marketing Associate,Male,24,2,Masters,Sales,1,90198.93,3943.99,94142.92
Data Scientist,Male,47,3,PhD,Administration,4,110350.62,5786.49,116137.11
Financial Analyst,Male,58,1,Masters,Engineering,5,61555.03,3983.48,65538.51
Software Engineer,Female,44,1,High School,Operations,2,70037.3491899091,4358.1384814014655,74395.48767131056
Graphic Designer,Female,23,2,College,Engineering,2,117594.99729298403,4978.243029890291,122573.24032287432
Warehouse Associate,Male,35,1,PhD,Engineering,4,115099.87,11293.0,126392.87
IT,Male,33,5,High School,Operations,1,92792.82,10267.65,103060.47
Software Engineer,Female,56,5,PhD,Sales,3,68671.8964118073,6491.489356100828,75163.38576790813
Graphic Designer,Female,63,2,Masters,Management,3,64126.56860894713,4065.9690330045523,68192.53764195168
Financial Analyst,Female,43,1,PhD,Sales,2,108305.5882351488,5173.2049635696385,113478.79319871843
Marketing Associate,Male,37,1,Masters,Operations,4,128172.35,8105.81,136278.16
IT,Female,50,5,High School,Engineering,1,74649.31144532627,10648.60281021897,85297.91425554524
Warehouse Associate,Male,18,4,High School,Sales,5,101855.81,5797.11,107652.92
Marketing Associate,Male,44,2,PhD,Management,2,87848.34,6394.03,94242.37
Data Scientist,Male,26,3,College,Management,3,76215.38,7882.71,84098.09000000001
Driver,Male,48,3,Masters,Management,3,100619.76,5226.5,105846.26
Financial Analyst,Male,45,2,High School,Engineering,4,65616.22,9176.7,74792.92
Warehouse Associate,Male,22,3,PhD,Management,3,73694.29,3088.93,76783.21999999999
Driver,Female,18,4,PhD,Engineering,2,89391.0663481932,3802.9175209203595,93193.98386911355
Warehouse Associate,Female,53,1,PhD,Operations,5,107142.76769506732,9506.13870281958,116648.9063978869
Data Scientist,Male,41,2,Masters,Engineering,2,71894.06,6555.69,78449.75
Sales Associate,Female,43,1,High School,Administration,2,67182.29674057718,8245.524419902576,75427.82116047975
Marketing Associate,Male,28,1,High School,Operations,3,69632.29,6984.08,76616.37
Manager,Female,43,2,College,Engineering,3,85533.75106738778,7152.6965873575145,92686.4476547453
Warehouse Associate,Female,45,4,Masters,Management,3,61322.09484131137,5113.601830333657,66435.69667164503
Graphic Designer,Female,25,5,High School,Management,5,141588.6777651133,7926.773539360078,149515.4513044734
Graphic Designer,Female,43,1,High School,Administration,4,126911.42913138618,7007.81410955798,133919.24324094417
Sales Associate,Male,40,5,PhD,Engineering,5,52602.6,2930.38,55532.979999999996
Warehouse Associate,Male,49,5,College,Management,3,107302.85,4516.84,111819.69
Driver,Female,55,4,Masters,Management,5,154229.7954958719,6957.86666504746,161187.66216091934
Financial Analyst,Female,47,4,College,Management,3,61508.199332309836,6072.13638277322,67580.33571508306
Sales Associate,Male,49,4,College,Sales,2,72330.93,7114.54,79445.46999999999
Sales Associate,Male,35,2,Masters,Operations,5,116850.81,6350.42,123201.23
Financial Analyst,Female,48,1,High School,Operations,4,81776.2458725695,3998.9449749375754,85775.19084750708
IT,Male,35,1,PhD,Management,2,91364.46,4828.55,96193.01000000001
Data Scientist,Male,37,4,PhD,Management,5,87884.64,4882.65,92767.29
Manager,Female,43,2,PhD,Sales,1,71093.27142020277,4930.520919890718,76023.7923400935
Sales Associate,Female,23,5,High School,Engineering,5,77253.79604144362,5365.932133354519,82619.72817479815
Graphic Designer,Male,40,5,College,Engineering,2,75430.97,3703.92,79134.89
Graphic Designer,Female,31,1,College,Administration,1,58598.517787681354,2445.8500739674646,61044.36786164882
Driver,Female,34,4,PhD,Operations,4,87855.7965473419,6310.020870239973,94165.81741758187
Graphic Designer,Male,59,5,PhD,Sales,5,65448.44,4080.87,69529.31
Financial Analyst,Female,27,3,High School,Administration,1,110683.26683241481,5764.427310333766,116447.69414274857
Manager,Male,18,2,PhD,Engineering,5,69544.85,4671.59,74216.44
IT,Male,45,5,Masters,Administration,5,110704.21,9043.84,119748.05
Financial Analyst,Male,32,3,High School,Management,4,106891.53,6420.4,113311.93
Warehouse Associate,Female,61,3,College,Management,2,154229.7954958719,5346.045563508817,159575.8410593807
IT,Male,34,2,Masters,Management,1,120222.38,9513.73,129736.11
Graphic Designer,Male,18,4,PhD,Sales,2,60708.7,4248.1,64956.799999999996
Financial Analyst,Male,47,1,High School,Sales,4,81992.55,7633.2,89625.75
Software Engineer,Female,46,1,High School,Operations,3,63072.24251621632,4125.166702749132,67197.40921896545
Warehouse Associate,Male,50,5,High School,Administration,1,124380.85,4146.6,128527.45000000001
Sales Associate,Male,46,5,College,Sales,1,100513.39,7449.81,107963.2
Driver,Male,30,5,High School,Administration,5,90821.85,4077.67,94899.52
Software Engineer,Male,65,5,High School,Engineering,2,68087.55,4134.03,72221.58
Warehouse Associate,Female,39,4,High School,Management,3,90312.99025566947,7633.274547886709,97946.26480355619
Driver,Female,58,3,PhD,Operations,3,60005.495886571705,6118.029192369728,66123.52507894143
Sales Associate,Female,52,5,College,Management,2,85012.70654834667,5695.055335770071,90707.76188411674
Manager,Female,65,4,College,Management,3,82478.97546946461,8011.411685844206,90490.38715530881
Marketing Associate,Male,25,2,College,Operations,1,96302.9,9050.62,105353.51999999999
Software Engineer,Female,43,2,College,Operations,4,69858.06689978414,3751.3387930607137,73609.40569284486
Manager,Male,49,5,High School,Engineering,3,66596.24,4503.46,71099.70000000001
Marketing Associate,Female,62,1,High School,Operations,4,79029.29312688988,4761.659519797385,83790.95264668726
Graphic Designer,Male,42,3,Masters,Operations,3,144560.84,4862.79,149423.63
Financial Analyst,Female,21,1,College,Engineering,3,85334.81740619322,5298.955222205147,90633.77262839836
Financial Analyst,Male,51,4,High School,Operations,4,119487.32,9197.4,128684.72
Driver,Male,18,2,PhD,Administration,4,91977.25,7750.33,99727.58
Warehouse Associate,Male,39,5,High School,Administration,5,73039.05,5563.63,78602.68000000001
Graphic Designer,Female,59,5,College,Administration,1,57100.70573124876,10349.559341235277,67450.26507248404
Driver,Male,47,1,PhD,Engineering,3,88304.59,4948.3,93252.89
Marketing Associate,Male,30,2,High School,Administration,5,120070.78,4260.79,124331.56999999999
Marketing Associate,Male,32,3,High School,Operations,3,81037.34,3665.33,84702.67
Manager,Male,48,5,High School,Administration,5,107678.62,7227.72,114906.34
Data Scientist,Female,41,4,Masters,Operations,1,82182.00806892545,4317.431832741486,86499.43990166693
Financial Analyst,Female,40,1,College,Administration,3,132131.3824960965,5455.068095778144,137586.45059187466
Financial Analyst,Male,19,3,PhD,Administration,5,147742.18,2282.82,150025.0
Warehouse Associate,Female,65,5,High School,Engineering,3,75689.78718307614,4430.06581889934,80119.85300197548
IT,Male,65,1,PhD,Engineering,2,87363.74,6128.78,93492.52
IT,Female,46,4,College,Management,3,72214.92705765503,8224.129148693519,80439.05620634856
IT,Female,39,1,PhD,Operations,1,59882.45599207565,3929.686152976132,63812.14214505178
Graphic Designer,Female,34,1,High School,Operations,3,116734.74779768124,5545.863629701458,122280.6114273827
Sales Associate,Male,50,5,Masters,Operations,3,53850.29,5208.29,59058.58
Financial Analyst,Male,54,5,College,Engineering,1,171362.24,3630.42,174992.66
Financial Analyst,Male,36,2,Masters,Administration,1,103869.11,7218.39,111087.5
Sales Associate,Male,65,1,College,Operations,2,60273.81,11293.0,71566.81
Manager,Male,65,2,Masters,Sales,1,114370.21,5993.31,120363.52
Data Scientist,Male,48,4,PhD,Management,3,134106.33,5191.38,139297.71
Software Engineer,Male,35,5,College,Administration,2,86014.49,4691.12,90705.61
IT,Female,47,4,High School,Management,5,66640.97440937995,4695.880140355174,71336.85454973513
Warehouse Associate,Female,48,3,High School,Operations,1,110984.83385517812,4931.6430165297115,115916.47687170783
Graphic Designer,Female,18,5,College,Operations,1,72866.21125299456,10648.60281021897,83514.81406321353
Software Engineer,Female,55,1,PhD,Sales,3,77691.54105874996,5742.2305415254295,83433.77160027539
Sales Associate,Male,48,4,High School,Management,1,89084.02,3581.45,92665.47
Marketing Associate,Male,44,2,Masters,Administration,5,76218.99,11293.0,87511.99
Sales Associate,Female,39,3,PhD,Operations,5,76389.80506239133,7523.365653566412,83913.17071595773
Sales Associate,Male,46,1,Masters,Management,4,121115.14,11293.0,132408.14
Driver,Female,51,4,PhD,Operations,5,96446.20032926206,4915.782793447459,101361.98312270953
Data Scientist,Female,32,1,Masters,Management,4,46804.00515047855,7655.480746078568,54459.48589655712
Software Engineer,Female,18,1,College,Operations,4,138355.64106185004,4198.2255662695225,142553.86662811955
Manager,Male,38,1,Masters,Management,2,95010.65,3696.78,98707.43
IT,Male,23,3,College,Administration,4,95467.16,3334.25,98801.41
Driver,Male,42,1,High School,Administration,1,76523.1,8473.6,84996.70000000001
Marketing Associate,Female,48,5,PhD,Operations,4,66591.36542416013,6479.985508205259,73071.35093236539
IT,Male,41,2,Masters,Management,2,71750.53,5879.55,77630.08
Warehouse Associate,Male,44,2,College,Engineering,5,152162.58,6208.69,158371.27
Sales Associate,Male,29,3,High School,Engineering,3,165315.91,5569.89,170885.80000000002
Data Scientist,Male,40,4,Masters,Engineering,3,95357.66,8301.05,103658.71
Warehouse Associate,Male,65,1,College,Engineering,3,62723.01,6070.94,68793.95
Marketing Associate,Female,51,2,College,Administration,1,86456.07829994714,3491.5121301406894,89947.59043008783
Data Scientist,Female,22,5,PhD,Operations,2,66905.97615173821,3290.270227036383,70196.2463787746
Warehouse Associate,Female,35,3,College,Administration,5,67493.14882163625,5249.139789063921,72742.28861070017
Financial Analyst,Male,26,2,High School,Sales,4,152197.19,5304.08,157501.27
Marketing Associate,Female,41,4,High School,Management,3,72124.54791350434,4336.3566054680505,76460.9045189724
Data Scientist,Female,65,5,College,Operations,4,58178.20156279527,8618.786566579736,66796.98812937501
Graphic Designer,Female,56,2,PhD,Sales,2,98605.3110570334,5944.79255832267,104550.10361535607
Financial Analyst,Male,41,1,College,Sales,3,77272.53,5031.92,82304.45
Financial Analyst,Female,45,1,PhD,Administration,1,101899.69607984979,5471.220629749548,107370.91670959933
Marketing Associate,Female,34,3,PhD,Sales,1,132094.43963476262,4404.248166818956,136498.68780158157
Driver,Male,53,3,Masters,Operations,4,67416.71,4376.43,71793.14000000001
Manager,Female,46,3,High School,Sales,2,66592.72986433485,6730.062188564612,73322.79205289946
Warehouse Associate,Female,18,2,High School,Management,3,76449.80610453922,6947.164314751171,83396.97041929039
Data Scientist,Male,65,2,PhD,Management,1,120500.34,5153.99,125654.33
IT,Female,49,3,High School,Operations,5,82790.47115437969,7518.820690709309,90309.291845089
Driver,Female,47,5,High School,Sales,2,93778.12767217273,5079.335450618492,98857.46312279123
Marketing Associate,Male,60,3,College,Management,2,98191.63,10837.79,109029.42000000001
Financial Analyst,Male,40,3,College,Management,2,115959.95,8623.53,124583.48
Manager,Female,60,4,College,Engineering,3,61562.16766098089,5337.747706010373,66899.91536699126
Warehouse Associate,Male,53,4,College,Sales,3,151199.85,5960.44,157160.29
Financial Analyst,Female,44,1,PhD,Administration,3,84944.95651577265,7805.662537416882,92750.61905318953
Data Scientist,Female,53,5,College,Administration,1,150351.05249735434,5170.102696391244,155521.15519374557
Financial Analyst,Female,31,1,High School,Engineering,3,39674.92537704866,5262.246632158054,44937.17200920671
Software Engineer,Female,51,4,PhD,Administration,1,71630.13143133179,7521.828664052496,79151.96009538427
Manager,Female,64,5,High School,Operations,4,66512.28796372066,6003.924222382603,72516.21218610326
Marketing Associate,Female,38,5,PhD,Administration,2,53725.089320421524,5184.765387766334,58909.85470818786
Marketing Associate,Male,43,2,High School,Management,5,109438.55,6389.95,115828.5
Driver,Female,32,5,College,Sales,1,45667.84697280462,6072.221247224909,51740.06822002953
Driver,Male,39,1,College,Management,2,57160.35,7504.58,64664.93
Manager,Female,37,3,College,Sales,3,133482.78754736818,4065.3089761580845,137548.09652352627
Data Scientist,Male,43,2,College,Engineering,4,97349.38,7288.07,104637.45000000001
Financial Analyst,Female,30,2,High School,Management,1,68124.85887836889,10648.60281021897,78773.46168858786
Data Scientist,Female,54,4,High School,Sales,3,99980.83838082764,7165.756283534043,107146.59466436168
Data Scientist,Male,26,1,College,Sales,5,164360.92,2116.26,166477.18000000002
Graphic Designer,Female,35,2,Masters,Engineering,5,85452.88009753628,8183.186765445515,93636.0668629818
Driver,Female,51,5,High School,Administration,4,70527.75816540503,4545.142015389124,75072.90018079415
Driver,Male,21,4,High School,Administration,5,127221.25,4226.68,131447.93
Data Scientist,Female,35,1,High School,Sales,3,50391.976508243955,10648.60281021897,61040.57931846293
Software Engineer,Male,45,5,High School,Operations,1,67436.54,6943.15,74379.68999999999
Warehouse Associate,Male,64,1,High School,Sales,3,132220.88,3994.32,136215.2
Software Engineer,Female,48,4,College,Management,2,122685.60344540962,5710.406372142193,128396.00981755182
Manager,Male,49,3,High School,Management,5,105471.1,6363.59,111834.69
Manager,Male,48,5,College,Administration,5,127610.49,4306.64,131917.13
Software Engineer,Female,18,3,Masters,Sales,5,60316.5710836342,5867.914794476291,66184.48587811048
Driver,Female,38,1,High School,Engineering,4,69110.79991605444,5285.942672946224,74396.74258900067
Graphic Designer,Male,18,3,Masters,Sales,2,91693.9,8648.31,100342.20999999999
Sales Associate,Male,54,3,College,Sales,1,63912.75,5277.98,69190.73
Marketing Associate,Female,48,5,Masters,Operations,2,80972.44472612951,5282.538665495158,86254.98339162467
Marketing Associate,Male,18,1,Masters,Operations,2,98553.42,8861.49,107414.91
Marketing Associate,Female,38,2,College,Administration,5,72692.42963049214,5827.9719258815085,78520.40155637365
Graphic Designer,Male,41,4,Masters,Operations,3,49469.0,4910.5,54379.5
Sales Associate,Male,29,3,PhD,Engineering,5,63716.02,11293.0,75009.01999999999
Marketing Associate,Female,42,3,College,Operations,3,77723.77273985802,10648.60281021897,88372.37555007699
Data Scientist,Male,29,5,High School,Sales,4,161535.77,6152.62,167688.38999999998
Financial Analyst,Male,43,5,Masters,Management,5,67674.89,8323.48,75998.37
IT,Male,38,1,PhD,Management,1,120650.42,4994.15,125644.56999999999
Marketing Associate,Female,29,1,PhD,Operations,1,66961.69508289757,3822.1157457690315,70783.8108286666
Software Engineer,Male,38,2,Masters,Operations,2,136426.56,7872.29,144298.85
Warehouse Associate,Female,31,3,High School,Administration,1,95236.17359168982,3462.092453555297,98698.26604524511
Manager,Female,32,4,Masters,Sales,4,61441.88239098848,10648.60281021897,72090.48520120746
Financial Analyst,Male,38,2,PhD,Engineering,3,114278.09,7543.44,121821.53
Driver,Female,46,4,High School,Management,4,69172.92056023472,4835.727327354517,74008.64788758924
Driver,Female,34,4,College,Administration,2,127484.828678766,3955.956415465524,131440.78509423154
Sales Associate,Male,38,2,College,Engineering,5,155329.71,4714.4,160044.11
Manager,Female,58,3,Masters,Operations,1,99933.68367164534,3838.004257001848,103771.68792864718
Warehouse Associate,Male,49,3,High School,Sales,1,107074.06,4938.2,112012.26
Marketing Associate,Male,28,2,College,Operations,4,101655.68,11293.0,112948.68
Manager,Female,63,4,College,Sales,3,103586.47880978619,8995.188697969377,112581.66750775557
Data Scientist,Male,31,5,PhD,Engineering,2,105112.2,11180.47,116292.67
IT,Female,18,3,Masters,Sales,2,77603.76207417749,8638.616560124312,86242.3786343018
Marketing Associate,Female,36,2,Masters,Sales,1,106272.06607314323,5337.709988476289,111609.77606161952
Data Scientist,Male,50,5,College,Operations,3,75368.21,7179.73,82547.94
Financial Analyst,Male,60,4,High School,Administration,4,110160.84,10792.41,120953.25
Warehouse Associate,Male,43,4,Masters,Administration,2,87511.38,7670.36,95181.74
Graphic Designer,Male,40,1,College,Operations,4,65210.51,6166.46,71376.97
Manager,Female,25,2,High School,Engineering,4,120535.49459023739,6910.663171141539,127446.15776137893
Warehouse Associate,Female,42,4,Masters,Engineering,5,79603.0788365833,6619.700683835308,86222.77952041861
Warehouse Associate,Female,18,1,Masters,Engineering,3,80105.5360762634,3893.5716140908585,83999.10769035426
Software Engineer,Male,65,1,College,Administration,1,114123.32,4009.31,118132.63
Data Scientist,Male,25,4,College,Operations,5,102214.65,6482.55,108697.2
Financial Analyst,Female,19,1,Masters,Administration,5,87897.18456597453,6007.224506614939,93904.40907258946
Graphic Designer,Male,39,3,High School,Sales,3,90496.83,11293.0,101789.83
Graphic Designer,Female,65,2,Masters,Administration,4,87663.44480824795,5419.52874928765,93082.9735575356
Financial Analyst,Female,44,2,College,Management,2,86269.59622801983,10648.60281021897,96918.1990382388
Software Engineer,Female,43,4,High School,Administration,2,71731.45184103432,2801.0455218184684,74532.49736285278
IT,Female,48,1,PhD,Sales,4,89026.16870600033,3691.754518591774,92717.9232245921
IT,Male,26,1,College,Administration,3,86464.12,6299.95,92764.06999999999
Warehouse Associate,Female,55,2,High School,Operations,4,73075.21945988155,5212.921526959918,78288.14098684148
Warehouse Associate,Female,25,1,College,Administration,2,99864.39757120168,3813.4501423132706,103677.84771351496
Financial Analyst,Female,29,3,College,Sales,1,83512.38872756808,3226.1692778609035,86738.55800542897
Manager,Male,50,4,PhD,Management,1,75252.83,3893.67,79146.5
Marketing Associate,Male,18,5,High School,Engineering,1,91733.18,3660.16,95393.34
Graphic Designer,Male,63,2,High School,Operations,3,81330.52,6585.04,87915.56
Sales Associate,Male,18,1,High School,Management,5,88982.65,5335.0,94317.65
Warehouse Associate,Male,28,2,High School,Management,3,128397.72,7746.47,136144.19
Marketing Associate,Female,62,1,College,Operations,2,78110.42419238339,4127.20344958966,82237.62764197306
Financial Analyst,Female,65,2,Masters,Administration,3,70476.76757724101,4685.639829851412,75162.40740709243
Driver,Female,30,5,College,Engineering,1,113258.69485978036,6392.047077488795,119650.74193726915
Marketing Associate,Male,40,4,College,Sales,4,67231.03,3156.89,70387.92
Manager,Female,60,1,High School,Management,3,92969.84704289504,5449.9667992933055,98419.81384218835
Marketing Associate,Female,65,1,College,Administration,5,61836.04255516709,4748.005772459035,66584.04832762612
Data Scientist,Female,49,5,Masters,Engineering,5,106767.35785655993,4692.975890230719,111460.33374679065
Data Scientist,Female,45,3,High School,Sales,2,98221.38848485744,6082.103241154874,104303.49172601232
Graphic Designer,Male,30,2,Masters,Operations,1,119688.41,7857.08,127545.49
Graphic Designer,Male,24,3,Masters,Operations,2,62655.34,6884.33,69539.67
Data Scientist,Male,18,5,High School,Operations,1,136230.97,4850.65,141081.62
Graphic Designer,Male,39,2,PhD,Sales,2,115390.11,4335.21,119725.32
Manager,Male,38,5,Masters,Engineering,5,86261.35,6966.88,93228.23000000001
Marketing Associate,Female,49,2,College,Management,2,81284.24075951072,6742.593839263966,88026.83459877469
Software Engineer,Male,28,3,Masters,Engineering,1,60586.88,5465.97,66052.84999999999
Sales Associate,Male,30,5,PhD,Management,3,68632.86,7409.8,76042.66
Graphic Designer,Male,32,1,College,Management,3,53118.05,2463.06,55581.11
IT,Male,51,1,College,Sales,3,71691.05,5200.4,76891.45
Warehouse Associate,Female,51,2,PhD,Operations,5,61351.297293603886,3437.53833886672,64788.835632470604
Manager,Male,24,5,Masters,Management,3,69754.66,4895.84,74650.5
Financial Analyst,Male,64,3,College,Engineering,3,99677.02,6297.55,105974.57
Marketing Associate,Male,65,2,College,Engineering,3,112050.51,5084.92,117135.43
Sales Associate,Male,38,3,Masters,Sales,2,86458.77,6103.65,92562.42
Software Engineer,Male,19,5,Masters,Sales,5,91251.04,5936.86,97187.9
Financial Analyst,Female,28,1,PhD,Operations,3,92285.67039982199,5055.969438253556,97341.63983807554
Graphic Designer,Male,43,2,PhD,Engineering,3,68888.17,6993.04,75881.20999999999
Marketing Associate,Male,30,5,Masters,Administration,5,56937.29,4742.15,61679.44
Graphic Designer,Female,51,2,College,Sales,5,86060.15895189549,8169.061548931119,94229.2205008266
Data Scientist,Female,51,4,College,Engineering,1,74498.02163224456,5477.953209583511,79975.97484182808
Data Scientist,Female,32,3,Masters,Sales,4,67900.60155078727,5740.834992764327,73641.4365435516
IT,Female,39,4,PhD,Operations,2,60496.30818715072,3149.819559491699,63646.127746642414
Driver,Female,59,5,Masters,Sales,1,63511.549345546526,10648.60281021897,74160.15215576549
Graphic Designer,Male,24,1,Masters,Engineering,5,142094.74,11293.0,153387.74
Financial Analyst,Female,42,5,College,Sales,5,85695.78477417216,7053.395749498295,92749.18052367045
IT,Male,59,4,PhD,Sales,3,92117.9,7753.23,99871.12999999999
Software Engineer,Male,60,3,PhD,Management,1,122254.8,5426.63,127681.43000000001
Data Scientist,Female,50,1,PhD,Operations,2,62608.607461129635,7695.319891454619,70303.92735258426
Warehouse Associate,Male,34,4,Masters,Management,3,84897.2,7538.2,92435.4
Marketing Associate,Female,50,3,College,Engineering,5,68712.94117505007,5392.183537076869,74105.12471212694
Graphic Designer,Female,54,5,High School,Engineering,1,52819.48720673319,10648.60281021897,63468.09001695216
Sales Associate,Female,23,1,College,Sales,3,88574.07561339776,10648.60281021897,99222.67842361673
Graphic Designer,Male,35,1,PhD,Management,2,69842.7,3687.54,73530.23999999999
IT,Male,60,4,High School,Operations,1,133606.33,4684.8,138291.12999999998
Driver,Female,62,3,Masters,Engineering,3,106161.90683715175,6678.483460704967,112840.39029785672
Graphic Designer,Male,27,5,PhD,Sales,5,101761.38,6092.93,107854.31
Software Engineer,Female,45,5,PhD,Management,2,52242.32043144963,6890.286273352747,59132.60670480238
Software Engineer,Female,27,5,College,Engineering,1,96602.78485673238,4439.787513309449,101042.57237004183
Graphic Designer,Male,35,5,Masters,Engineering,5,108312.21,4207.17,112519.38
Financial Analyst,Female,46,2,High School,Administration,3,112757.87666458687,3186.5187201552712,115944.39538474215
IT,Male,50,4,High School,Sales,1,51555.21,6983.19,58538.4
Warehouse Associate,Female,32,1,College,Sales,5,55076.048139686376,3937.4559649974017,59013.50410468378
Financial Analyst,Female,48,3,PhD,Engineering,1,65352.21346675809,7165.680848465875,72517.89431522397
Software Engineer,Female,45,4,Masters,Management,3,79641.1630220885,7907.5281675938,87548.6911896823
Financial Analyst,Male,18,5,PhD,Operations,3,80423.11,7481.49,87904.6
Data Scientist,Male,27,5,PhD,Sales,2,110863.4,3973.3,114836.7
Software Engineer,Male,29,2,High School,Administration,3,97555.81,4152.18,101707.98999999999
IT,Female,43,2,Masters,Administration,5,75525.20480502202,3845.095153409609,79370.29995843163
Financial Analyst,Male,41,1,High School,Management,3,82126.91,6692.46,88819.37000000001
Graphic Designer,Male,39,1,PhD,Operations,5,119460.37,4874.73,124335.09999999999
Data Scientist,Male,26,3,PhD,Administration,3,70285.96,7513.76,77799.72
Marketing Associate,Male,58,1,High School,Engineering,3,50944.06,6634.92,57578.979999999996
Financial Analyst,Male,45,2,Masters,Engineering,2,155860.56,3477.38,159337.94
Graphic Designer,Male,34,4,College,Administration,3,67098.16,7800.96,74899.12000000001
Software Engineer,Male,38,5,High School,Engineering,1,107026.24,8606.6,115632.84000000001
Sales Associate,Female,49,2,High School,Sales,3,66583.88245666114,3660.3546714669806,70244.23712812812
Graphic Designer,Female,53,2,High School,Administration,3,72088.1885863332,10187.920848918999,82276.1094352522
Warehouse Associate,Female,48,5,PhD,Operations,3,154229.7954958719,5482.469884290051,159712.26538016193
Data Scientist,Female,46,1,Masters,Administration,5,80138.27405907148,4762.894769038629,84901.16882811011
IT,Female,37,1,PhD,Operations,4,78526.15795781482,5233.883046527009,83760.04100434184
Sales Associate,Female,39,1,High School,Operations,1,81778.50277675784,9521.56517425987,91300.06795101771
Graphic Designer,Male,41,4,College,Management,4,142371.52,6492.5,148864.02
IT,Male,46,4,Masters,Administration,3,97834.86,6975.03,104809.89
Marketing Associate,Male,22,1,College,Management,4,104648.14,3180.01,107828.15
Financial Analyst,Male,29,3,Masters,Engineering,3,179726.0,5237.88,184963.88
Marketing Associate,Male,53,4,College,Sales,1,172459.7,5268.72,177728.42
Financial Analyst,Female,39,3,Masters,Administration,2,64730.372002483986,10648.60281021897,75378.97481270296
Data Scientist,Female,44,4,Masters,Management,4,88775.58369001628,6625.443178399572,95401.02686841585
Financial Analyst,Male,35,2,High School,Engineering,1,77304.02,10877.05,88181.07
Software Engineer,Male,57,5,PhD,Management,3,76341.71,5235.59,81577.3
Software Engineer,Female,65,4,High School,Administration,5,95639.3270470828,3210.978541008639,98850.30558809143
Data Scientist,Male,23,1,Masters,Administration,2,78577.41,7563.37,86140.78
Financial Analyst,Female,57,5,High School,Administration,2,56656.37021045708,3122.9646752240074,59779.334885681084
Software Engineer,Female,28,1,PhD,Management,1,110267.30995097996,7326.932736057794,117594.24268703775
Financial Analyst,Female,56,5,College,Administration,1,125641.84758367286,4638.558917931265,130280.40650160413
Data Scientist,Female,45,3,Masters,Management,1,99795.14579629702,4018.888121084404,103814.03391738141
Graphic Designer,Male,53,5,Masters,Sales,5,85467.51,10891.38,96358.89
Financial Analyst,Male,36,5,College,Operations,1,164106.98,8017.65,172124.63
Data Scientist,Female,59,2,High School,Sales,4,43625.09982219651,10648.60281021897,54273.70263241549
Driver,Male,52,1,Masters,Operations,2,70121.28,4898.82,75020.1
Marketing Associate,Male,32,5,College,Management,4,80186.91,5757.29,85944.2
Software Engineer,Female,58,3,Masters,Operations,4,41316.12379121139,5066.558635947593,46382.68242715898
Software Engineer,Male,44,4,College,Sales,4,64398.92,4216.87,68615.79
Marketing Associate,Female,35,1,College,Engineering,1,40344.15324789323,3424.0826085823114,43768.23585647554
Manager,Female,48,5,High School,Administration,5,56918.969165086295,10648.60281021897,67567.57197530527
Data Scientist,Male,34,2,College,Engineering,4,87421.71,6604.51,94026.22
Driver,Male,46,1,Masters,Management,1,70658.9,11218.53,81877.43
IT,Male,19,3,High School,Operations,2,96285.62,7782.98,104068.59999999999
Financial Analyst,Male,37,2,High School,Administration,5,179726.0,8037.28,187763.28
Graphic Designer,Female,55,3,High School,Sales,3,93848.8897707928,7799.486291210653,101648.37606200344
Data Scientist,Female,35,1,High School,Administration,4,46091.072287119794,10389.483351063018,56480.555638182814
Driver,Male,51,5,Masters,Management,1,57552.76,2800.6,60353.36
Data Scientist,Female,33,1,PhD,Operations,4,116188.58556548695,6953.698877531196,123142.28444301814
Driver,Male,59,1,Masters,Sales,1,126673.25,4468.99,131142.24
Manager,Female,28,4,PhD,Management,1,96811.7587380804,6804.063990437098,103615.8227285175
Marketing Associate,Female,47,4,High School,Administration,3,60648.46472009182,4389.019712432606,65037.48443252443
Manager,Female,23,1,College,Administration,2,102218.28856995025,6058.26575961389,108276.55432956414
Warehouse Associate,Female,41,5,Masters,Sales,1,129102.98607488423,3763.040658010224,132866.02673289445
Marketing Associate,Female,65,1,Masters,Operations,1,66825.55999527826,9412.985823016028,76238.5458182943
Manager,Male,65,2,High School,Sales,4,97432.47,2298.73,99731.2
Driver,Female,39,5,College,Management,5,77476.66318469633,4830.597742719116,82307.26092741544
Data Scientist,Female,27,1,College,Management,4,139174.35665497952,5975.636071819727,145149.99272679925
IT,Male,37,3,PhD,Operations,1,75595.12,6570.79,82165.90999999999
Marketing Associate,Female,56,4,College,Administration,3,73672.603977628,5718.647653339511,79391.25163096751
Warehouse Associate,Male,62,5,PhD,Operations,2,77214.52,4436.05,81650.57
IT,Male,32,5,College,Management,3,114893.08,3335.53,118228.61
Warehouse Associate,Male,23,3,College,Operations,3,122787.88,3557.07,126344.95000000001
Manager,Female,26,4,College,Management,2,58608.38638013989,2763.3468465016745,61371.73322664157
Data Scientist,Female,29,4,High School,Engineering,4,73376.17720432788,10648.60281021897,84024.78001454685
Manager,Female,24,3,PhD,Management,2,60576.86164576659,5669.152819237997,66246.01446500458
Sales Associate,Male,41,4,High School,Administration,5,72200.18,6941.5,79141.68
Software Engineer,Male,35,5,PhD,Sales,2,94570.7,6814.44,101385.14
Manager,Male,57,5,PhD,Operations,5,117536.21,5801.12,123337.33
Sales Associate,Male,33,5,High School,Engineering,1,86894.25,4437.2,91331.45
Software Engineer,Male,41,4,Masters,Sales,3,56413.65,5711.29,62124.94
Driver,Female,42,1,Masters,Administration,2,82025.74963407549,7154.62018159579,89180.36981567128
Warehouse Associate,Male,31,3,High School,Sales,4,125964.31,6182.79,132147.1
Financial Analyst,Female,33,4,High School,Operations,3,108194.95702299626,5358.039739347476,113552.99676234373
Driver,Female,46,3,College,Sales,4,80840.78053996319,10423.504566806638,91264.28510676982
Graphic Designer,Male,23,3,College,Sales,3,121829.35,4817.43,126646.78
Manager,Male,30,3,Masters,Administration,4,69143.62,7911.42,77055.04
IT,Male,24,2,College,Engineering,3,72350.98,6090.09,78441.06999999999
Driver,Female,45,5,PhD,Administration,4,121209.07322314844,5669.463988894188,126878.53721204263
Marketing Associate,Male,65,4,College,Engineering,1,134615.47,3775.1,138390.57
Warehouse Associate,Female,41,3,PhD,Operations,3,82635.98906617227,8345.240150636717,90981.22921680899
Sales Associate,Female,54,1,College,Administration,3,60150.701497868096,3492.3702040410967,63643.07170190919
Marketing Associate,Male,41,4,College,Engineering,5,93968.68,3915.2,97883.87999999999
IT,Male,42,1,College,Administration,1,92829.48,7032.18,99861.66
Marketing Associate,Male,38,1,High School,Administration,2,66437.28,4296.79,70734.06999999999
Data Scientist,Male,49,1,Masters,Sales,2,84898.61,3167.38,88065.99
Software Engineer,Male,40,4,PhD,Management,1,71063.72,5356.48,76420.2
Marketing Associate,Male,51,5,PhD,Engineering,1,114209.88,9812.55,124022.43000000001
Sales Associate,Female,25,2,High School,Engineering,1,77701.61560444243,6284.363517679444,83985.97912212188
IT,Male,49,2,PhD,Administration,4,106146.08,5982.21,112128.29000000001
IT,Female,47,1,PhD,Management,2,87969.08798876588,4881.1203796244135,92850.20836839029
Warehouse Associate,Female,32,5,High School,Operations,2,78882.2253551035,5778.147063356762,84660.37241846026
Sales Associate,Male,55,2,PhD,Administration,2,60973.19,3468.83,64442.020000000004
Marketing Associate,Male,58,3,High School,Administration,1,82195.22,7242.35,89437.57
Software Engineer,Female,27,2,High School,Operations,4,44883.58563943253,6639.540106763406,51523.12574619594
Marketing Associate,Female,40,4,College,Operations,4,71926.86713448279,3091.7156982355496,75018.58283271834
IT,Female,18,5,PhD,Administration,2,54081.01941555424,5714.857041164085,59795.876456718324
Manager,Female,50,1,Masters,Engineering,3,113606.92745279543,5438.755262286885,119045.68271508231
Marketing Associate,Female,34,1,College,Management,4,56592.91945164107,5470.456849684349,62063.37630132542
Data Scientist,Male,54,5,PhD,Management,4,84001.17,4965.85,88967.02
IT,Male,46,2,Masters,Administration,1,72397.71,9406.95,81804.66
Data Scientist,Female,45,2,PhD,Management,3,59671.302439002,10648.60281021897,70319.90524922097
Graphic Designer,Male,65,5,Masters,Management,1,75015.35,5560.69,80576.04000000001
Driver,Female,51,2,High School,Administration,1,118161.71194164631,3749.6320746434203,121911.34401628973
Graphic Designer,Male,47,2,College,Operations,3,117919.72,7682.19,125601.91
Marketing Associate,Male,49,4,PhD,Engineering,5,96206.16,7338.71,103544.87000000001
Marketing Associate,Male,32,3,Masters,Operations,2,99275.06,7068.23,106343.29
Data Scientist,Male,21,1,Masters,Engineering,4,129752.31,6258.33,136010.63999999998
Sales Associate,Male,26,2,College,Sales,3,77464.49,5170.1,82634.59000000001
Manager,Female,38,3,Masters,Sales,4,128375.86818253943,4820.885477692527,133196.75366023195
Sales Associate,Male,28,4,High School,Operations,5,105278.86,2963.21,108242.07
Graphic Designer,Male,18,5,PhD,Engineering,4,102960.33,7243.25,110203.58
Financial Analyst,Female,44,3,Masters,Sales,2,63550.17415829076,3623.2877648460912,67173.46192313686
Warehouse Associate,Female,45,1,High School,Management,4,139316.19836345525,10648.60281021897,149964.8011736742
Data Scientist,Female,22,5,College,Administration,3,69593.62294743441,5226.81100888629,74820.4339563207
Manager,Male,46,1,Masters,Administration,5,60426.46,6157.85,66584.31
Driver,Female,18,4,College,Engineering,2,83449.35845660466,5883.190395780244,89332.5488523849
Software Engineer,Female,65,4,PhD,Sales,2,69138.91253248414,2824.0343588425662,71962.9468913267
Graphic Designer,Female,65,2,PhD,Operations,5,66469.81869060997,4881.5258431158145,71351.34453372579
Driver,Male,27,5,PhD,Engineering,3,90789.19,5733.7,96522.89
Software Engineer,Female,18,5,College,Operations,5,119187.63365086603,5387.57256853512,124575.20621940115
Graphic Designer,Female,48,3,College,Engineering,2,62701.96434578736,8811.25914300955,71513.22348879691
Sales Associate,Female,46,2,Masters,Sales,4,93096.92876960673,5225.660624096734,98322.58939370347
Manager,Female,44,4,PhD,Sales,5,48369.387030405494,3206.6598833560397,51576.04691376154
Manager,Female,33,5,College,Management,1,137734.90659620822,7434.870889222211,145169.77748543044
Data Scientist,Male,18,1,High School,Sales,5,60708.92,7121.27,67830.19
Graphic Designer,Female,31,3,High School,Operations,2,104401.60738409162,5179.777243883746,109581.38462797536
Software Engineer,Male,41,2,PhD,Operations,3,152040.37,4498.02,156538.38999999998
Financial Analyst,Female,37,3,College,Engineering,2,64230.592154844824,5153.959591803362,69384.55174664818
Warehouse Associate,Female,57,1,High School,Management,2,112000.62953039692,8502.748572970817,120503.37810336774
Graphic Designer,Male,32,4,College,Management,5,106559.05,8167.79,114726.84
Graphic Designer,Female,39,2,High School,Sales,4,94771.6117470505,5746.285176439442,100517.89692348994
Software Engineer,Male,49,3,High School,Operations,2,63073.62,6684.56,69758.18000000001
Marketing Associate,Male,45,4,College,Engineering,5,85601.59,9086.02,94687.61
IT,Female,35,4,Masters,Management,3,98210.22410330217,6444.455591098285,104654.67969440046
Graphic Designer,Female,64,2,PhD,Operations,5,83606.50935546825,6954.8021154031485,90561.3114708714
Data Scientist,Female,46,1,PhD,Engineering,5,68757.74458481182,4339.279714359548,73097.02429917137
Driver,Female,62,4,College,Administration,2,89644.30301206393,6885.845033714375,96530.1480457783
Driver,Male,20,5,High School,Operations,5,76820.11,6595.56,83415.67
Sales Associate,Male,30,3,PhD,Administration,3,68456.34,5052.05,73508.39
Software Engineer,Male,35,3,PhD,Operations,3,133556.67,7662.42,141219.09000000003
Marketing Associate,Female,37,4,High School,Engineering,2,88367.59891501098,6306.73944477468,94674.33835978566
Sales Associate,Male,42,5,Masters,Administration,1,123758.19,5854.23,129612.42
Graphic Designer,Male,39,3,College,Administration,4,102329.04,5483.76,107812.79999999999
Software Engineer,Female,65,5,PhD,Operations,3,55846.776629313164,5154.091603172655,61000.86823248582
Driver,Male,18,4,PhD,Management,2,113239.31,4092.22,117331.53
Sales Associate,Female,18,1,High School,Sales,3,41153.8326428846,4697.6434350735935,45851.47607795819
Manager,Female,63,5,High School,Management,4,152393.41348564887,6908.277537110736,159301.6910227596
Software Engineer,Female,65,2,High School,Sales,5,77817.86762360395,2371.225932782595,80189.09355638654
Driver,Female,59,2,Masters,Management,2,57619.999647801575,5910.073568198499,63530.07321600008
Financial Analyst,Female,62,1,High School,Operations,5,81630.49105264933,4806.845125629819,86437.33617827915
Manager,Female,32,2,High School,Management,3,71782.17640627119,8791.400861314412,80573.5772675856
Software Engineer,Female,43,4,Masters,Sales,1,76088.20371408903,4541.341973830177,80629.5456879192
IT,Female,25,5,Masters,Engineering,5,53234.32850815099,6858.084928628672,60092.413436779665
Marketing Associate,Female,31,4,Masters,Operations,4,64841.50951633658,3963.1416057084944,68804.65112204508
Sales Associate,Male,33,5,High School,Management,3,90683.03,5701.72,96384.75
Warehouse Associate,Female,47,2,Masters,Sales,4,103512.85911004552,5562.242468877364,109075.10157892288
Data Scientist,Female,54,1,Masters,Sales,3,117539.3555942874,7430.72196047299,124970.07755476038
Manager,Male,41,1,PhD,Operations,2,81233.8,8306.22,89540.02
Data Scientist,Male,29,4,College,Operations,4,80198.59,7158.22,87356.81
Driver,Male,45,2,College,Sales,1,137696.87,4328.02,142024.88999999998
Warehouse Associate,Female,28,3,High School,Administration,1,68441.12581320305,4226.8626040226745,72667.98841722573
Marketing Associate,Male,48,3,PhD,Operations,5,93209.35,9667.99,102877.34000000001
Data Scientist,Male,26,5,College,Administration,3,179726.0,7951.11,187677.11
Marketing Associate,Female,43,1,College,Administration,2,78235.26617767623,4838.12239076884,83073.38856844507
IT,Female,28,1,Masters,Sales,4,78963.92013789066,8896.30275298508,87860.22289087574
Driver,Male,39,2,High School,Administration,3,66857.77,5518.0,72375.77
IT,Male,47,2,College,Engineering,5,89181.92,8322.65,97504.56999999999
Warehouse Associate,Male,47,1,High School,Engineering,4,78887.24,5860.47,84747.71
Sales Associate,Male,42,2,PhD,Sales,2,65924.54,7586.88,73511.42
Warehouse Associate,Male,38,3,Masters,Management,5,103094.11,4442.25,107536.36
Software Engineer,Male,20,2,PhD,Operations,4,53380.22,6934.93,60315.15
Sales Associate,Female,37,2,College,Operations,1,100547.4414714882,4845.4301629975835,105392.87163448578
IT,Female,38,3,College,Operations,1,68623.64328537746,6596.626982359521,75220.27026773698
Financial Analyst,Male,63,4,High School,Engineering,5,95677.89,8819.8,104497.69
Manager,Male,39,4,College,Engineering,3,152699.43,6909.79,159609.22
Marketing Associate,Female,36,2,PhD,Engineering,1,92629.22613815017,6830.664281349724,99459.89041949989
IT,Male,42,3,College,Management,4,154623.33,5684.52,160307.84999999998
Sales Associate,Female,32,2,High School,Administration,1,72930.6488710564,4619.115529111047,77549.76440016745
Warehouse Associate,Female,32,5,College,Sales,4,82832.53710240728,5709.057970298695,88541.59507270598
IT,Female,18,1,PhD,Engineering,2,108479.61013642412,7186.566932964799,115666.17706938891
Software Engineer,Female,35,1,High School,Operations,1,79011.45242800181,5973.0147032009,84984.4671312027
Graphic Designer,Female,25,4,Masters,Operations,1,57476.7162666884,8513.950680593714,65990.66694728212
Marketing Associate,Male,27,2,College,Engineering,3,129371.67,8628.77,138000.44
Driver,Female,37,2,College,Sales,2,142620.26318826576,9378.11596275552,151998.37915102128
IT,Male,24,2,High School,Sales,5,83949.01,8854.61,92803.62
Data Scientist,Female,51,4,High School,Operations,4,126161.69929023422,4237.92327089276,130399.62256112698
Software Engineer,Male,44,2,College,Engineering,2,72694.97,4236.16,76931.13
Warehouse Associate,Male,18,5,High School,Sales,2,98388.5,4508.27,102896.77
Manager,Male,37,1,High School,Sales,1,95344.33,8746.01,104090.34
Data Scientist,Female,41,1,High School,Operations,1,58114.4075485894,10648.60281021897,68763.01035880837
Software Engineer,Female,57,4,Masters,Administration,5,51581.54522458042,9279.013141950243,60860.55836653066
Marketing Associate,Female,53,2,High School,Management,1,66236.4822579665,10648.60281021897,76885.08506818548
Warehouse Associate,Female,65,2,College,Operations,5,54944.667139216675,4468.207675241621,59412.87481445829
IT,Male,42,4,High School,Administration,5,97502.24,6257.32,103759.56
Marketing Associate,Male,19,3,High School,Management,3,70735.12,5067.89,75803.01
Financial Analyst,Male,60,3,High School,Management,2,78030.26,10084.98,88115.23999999999
Data Scientist,Male,38,4,Masters,Management,5,128273.76,6390.69,134664.44999999998
Financial Analyst,Male,53,2,PhD,Management,3,63496.07,4757.55,68253.62
Data Scientist,Female,21,4,College,Administration,4,109699.53121060913,10648.60281021897,120348.1340208281
Driver,Female,48,3,PhD,Administration,4,82739.07724113259,4070.4574195605283,86809.53466069311
Marketing Associate,Female,60,3,High School,Operations,4,54208.35000242357,5259.559257854581,59467.90926027815
Manager,Female,46,2,Masters,Administration,1,55347.41726952658,7645.023559753824,62992.44082928041
Software Engineer,Male,54,5,College,Sales,2,98702.61,2995.82,101698.43000000001
IT,Female,41,4,PhD,Operations,1,87957.66616566823,5542.24274642941,93499.90891209764
Graphic Designer,Female,22,4,College,Operations,1,74826.30250572388,2123.1859992637696,76949.48850498766
Graphic Designer,Female,50,2,Masters,Engineering,1,84339.29954313053,3883.9913604335643,88223.29090356409
Driver,Female,39,5,High School,Management,5,85185.67293929815,7443.4799163768475,92629.152855675
Data Scientist,Female,18,1,Masters,Management,3,117141.86585282715,7367.40365012975,124509.2695029569
Financial Analyst,Male,65,3,High School,Sales,4,99515.9,11293.0,110808.9
Financial Analyst,Female,40,3,Masters,Operations,5,140112.59377485898,5123.4743948801015,145236.06816973907
Manager,Male,42,2,College,Operations,5,62013.89,5811.38,67825.27
Sales Associate,Male,29,1,College,Operations,1,95556.93,4921.84,100478.76999999999
Marketing Associate,Female,21,1,Masters,Management,4,96861.46211853242,6661.171112560486,103522.63323109291
IT,Male,39,4,Masters,Administration,5,105100.43,8651.91,113752.34
Software Engineer,Male,47,1,College,Administration,2,84850.92,3032.5,87883.42
Driver,Female,35,4,Masters,Management,2,87441.29850131398,2745.0255543204507,90186.32405563444
Data Scientist,Male,38,5,Masters,Engineering,1,51608.15,3569.93,55178.08
Marketing Associate,Male,40,5,Masters,Management,3,89026.5,5858.21,94884.71
Graphic Designer,Male,56,5,Masters,Engineering,2,86266.75,5715.3,91982.05
IT,Female,39,2,PhD,Administration,2,93160.12208688034,5870.149558370758,99030.2716452511
Sales Associate,Female,27,1,High School,Engineering,2,92531.14949188184,6686.130690740464,99217.2801826223
Driver,Male,32,3,PhD,Operations,4,113984.55,7658.56,121643.11
IT,Female,44,5,College,Engineering,2,81126.96113987593,3725.068530571322,84852.02967044726
Sales Associate,Male,42,3,Masters,Operations,2,79090.58,5436.73,84527.31
Software Engineer,Female,45,1,High School,Engineering,4,60511.89198185046,8684.829968760532,69196.72195061098
IT,Male,50,2,PhD,Management,1,145225.79,7211.08,152436.87
Sales Associate,Female,38,1,Masters,Management,2,97963.5436173778,7419.076671824605,105382.6202892024
Financial Analyst,Female,45,2,College,Engineering,1,66202.46564883117,5606.1079610168645,71808.57360984804
Marketing Associate,Female,45,1,Masters,Engineering,4,78823.1081955845,5306.074406763471,84129.18260234797
Data Scientist,Male,60,5,High School,Engineering,4,45095.46,5939.7,51035.159999999996
Data Scientist,Male,38,2,College,Sales,4,66874.98,7448.7,74323.68
Sales Associate,Male,41,5,High School,Operations,4,73107.04,5770.68,78877.72
Graphic Designer,Female,39,1,PhD,Management,1,40600.61651242866,3738.7222779096705,44339.33879033833
Warehouse Associate,Male,34,2,High School,Administration,5,69870.63,8032.53,77903.16
IT,Female,42,2,PhD,Management,2,100168.39312584826,6310.992096742632,106479.38522259089
IT,Male,22,2,High School,Sales,1,76957.13,2769.2,79726.33
Warehouse Associate,Male,49,2,High School,Operations,5,98052.06,3166.5,101218.56
Graphic Designer,Male,43,1,College,Operations,2,83239.32,6051.84,89291.16
Financial Analyst,Male,34,2,Masters,Operations,2,125616.94,7181.15,132798.09
IT,Female,54,4,PhD,Management,4,66750.08671643236,5447.543447728419,72197.63016416077
Marketing Associate,Female,61,1,High School,Operations,2,63677.77934947198,7485.68583701666,71163.46518648864
IT,Female,27,3,Masters,Operations,4,82130.09069120881,4902.855108640224,87032.94579984904
Manager,Female,64,1,Masters,Administration,3,102415.90069789384,7480.820275119845,109896.72097301368
Data Scientist,Female,63,3,Masters,Engineering,3,76528.33435635491,4067.6286045042402,80595.96296085915
Software Engineer,Female,39,1,High School,Administration,1,86643.38418481011,9780.543192663008,96423.92737747313
Graphic Designer,Male,18,2,PhD,Administration,5,101149.22,7926.52,109075.74
Data Scientist,Male,33,5,Masters,Administration,1,75369.59,3792.35,79161.94
Graphic Designer,Male,53,2,PhD,Sales,5,100347.89,5152.21,105500.1
Software Engineer,Male,52,3,College,Operations,2,109707.57,5815.43,115523.0
IT,Female,51,1,College,Administration,5,96534.55426661254,8701.369107456296,105235.92337406884
Sales Associate,Male,65,2,Masters,Sales,4,111464.95,5611.97,117076.92
Driver,Male,50,5,College,Sales,3,64392.35,5675.51,70067.86
Graphic Designer,Male,65,5,High School,Sales,4,79173.05,6535.7,85708.75
Manager,Male,40,3,PhD,Operations,4,60875.97,6163.35,67039.32
Driver,Male,62,1,PhD,Administration,5,64504.36,6326.83,70831.19
Sales Associate,Female,36,5,College,Sales,3,97352.42030265214,6967.475206855317,104319.89550950746
Graphic Designer,Male,18,4,Masters,Management,1,74951.64,6810.34,81761.98
Manager,Male,65,2,PhD,Management,4,59550.91,6562.45,66113.36
Financial Analyst,Male,54,2,College,Sales,3,117642.88,3595.12,121238.0
Data Scientist,Female,22,4,High School,Administration,1,84296.72729340289,4992.358817021167,89289.08611042406
Software Engineer,Male,43,2,PhD,Sales,1,120054.54,5519.69,125574.23
Software Engineer,Male,39,2,College,Sales,3,94692.17,6275.16,100967.33
Graphic Designer,Male,50,4,College,Operations,2,93434.48,3988.03,97422.51
Warehouse Associate,Male,35,5,High School,Engineering,4,114188.74,7656.87,121845.61
Sales Associate,Female,47,1,Masters,Management,5,61449.18514940779,5835.449427013629,67284.63457642142
Sales Associate,Male,55,1,PhD,Engineering,4,133841.55,4804.79,138646.34
Marketing Associate,Female,55,5,PhD,Sales,3,61853.960486517884,7351.6942971838325,69205.65478370171
Sales Associate,Female,42,2,High School,Administration,2,86526.95195656891,7048.313311780498,93575.26526834941
Driver,Female,18,3,PhD,Operations,3,52789.37512765754,5010.340651395635,57799.71577905318
Manager,Male,65,2,PhD,Operations,5,86851.64,5558.0,92409.64
Marketing Associate,Male,19,3,High School,Operations,5,89075.62,5972.9,95048.51999999999
Financial Analyst,Female,64,4,Masters,Management,2,62711.738543013686,10648.60281021897,73360.34135323265
Warehouse Associate,Female,18,2,High School,Administration,3,66388.98204629746,6357.139499694205,72746.12154599167
Warehouse Associate,Male,49,1,College,Engineering,2,63476.79,4763.82,68240.61
Manager,Male,24,1,PhD,Engineering,2,55753.91,6776.75,62530.66
Manager,Male,41,1,Masters,Administration,1,67145.65,9783.09,76928.73999999999
Driver,Female,45,2,College,Engineering,5,133696.22374878442,6600.983357546204,140297.20710633064
Financial Analyst,Male,56,5,Masters,Sales,1,121134.22,4174.65,125308.87
Manager,Male,25,1,High School,Sales,5,65947.46,10898.2,76845.66
Driver,Female,35,3,Masters,Operations,3,66377.53447904557,3190.0924565097143,69567.62693555528
Manager,Female,62,5,Masters,Management,2,88369.52972657896,10648.60281021897,99018.13253679793
Graphic Designer,Male,43,2,High School,Sales,2,114139.46,8309.24,122448.70000000001
Marketing Associate,Male,43,4,Masters,Operations,3,117608.48,8775.72,126384.2
Marketing Associate,Male,28,4,Masters,Operations,1,94957.2,5290.88,100248.08
Financial Analyst,Male,27,2,College,Administration,2,96328.9,7106.66,103435.56
Data Scientist,Female,41,1,Masters,Operations,5,105163.57427989219,10648.60281021897,115812.17709011116
IT,Male,63,5,Masters,Management,3,158774.1,7634.56,166408.66
Sales Associate,Female,42,3,College,Operations,2,81948.98914751758,5229.328654286386,87178.31780180396
Data Scientist,Male,45,5,Masters,Operations,1,102459.41,4619.21,107078.62000000001
Software Engineer,Female,57,5,High School,Operations,1,87670.43863681638,6832.0786888778675,94502.51732569425
Software Engineer,Female,46,5,Masters,Operations,4,74291.89677063239,3291.496046894107,77583.3928175265
Sales Associate,Male,42,2,PhD,Sales,4,92915.51,6994.43,99909.94
Graphic Designer,Female,48,4,College,Operations,2,75847.47870917876,6306.626292172428,82154.10500135118
IT,Male,58,1,Masters,Sales,1,124647.36,7719.69,132367.05
Financial Analyst,Male,47,4,Masters,Management,2,76588.07,4899.31,81487.38
Data Scientist,Female,60,2,PhD,Administration,5,98086.8666975705,5703.174034981617,103790.04073255212
Manager,Male,33,5,High School,Operations,5,46944.07,4776.95,51721.02
Manager,Female,63,1,Masters,Engineering,5,93130.86814627933,4121.130926602163,97251.99907288149
Manager,Male,39,1,PhD,Administration,1,121933.7,6359.44,128293.14
Warehouse Associate,Male,44,1,Masters,Engineering,2,165100.75,9752.83,174853.58
Driver,Female,39,4,High School,Operations,3,57394.10327573337,3734.460196558197,61128.563472291564
Financial Analyst,Male,40,2,High School,Operations,3,66660.3,3148.09,69808.39
Financial Analyst,Female,45,4,PhD,Engineering,1,67390.83297130311,6499.711778531106,73890.54474983423
Data Scientist,Female,57,4,PhD,Operations,1,115691.41445881076,5821.1073346782505,121512.52179348901
Data Scientist,Male,33,3,Masters,Engineering,1,179726.0,4873.45,184599.45
Warehouse Associate,Male,54,4,Masters,Operations,1,60033.68,3251.76,63285.44
IT,Female,31,3,Masters,Operations,2,53490.57723806776,6696.304995559579,60186.88223362734
IT,Male,32,5,PhD,Engineering,2,82516.61,7734.83,90251.44
Sales Associate,Female,23,2,High School,Administration,1,117361.24037248797,5615.905090495142,122977.14546298311
Financial Analyst,Male,53,3,PhD,Engineering,1,102631.37,4531.73,107163.09999999999
Financial Analyst,Female,37,2,College,Engineering,1,71794.51643753672,8906.486487187714,80701.00292472442
Sales Associate,Female,38,1,High School,Sales,2,95947.96513087727,6764.498297183154,102712.46342806042
Marketing Associate,Female,32,5,High School,Sales,3,57969.41647191167,8391.368694821249,66360.78516673291
Software Engineer,Male,58,2,Masters,Sales,2,104106.29,6066.74,110173.03
IT,Male,32,5,PhD,Operations,4,61502.55,5772.78,67275.33
Warehouse Associate,Female,18,3,College,Management,5,97229.34608261709,2406.7747086566105,99636.1207912737
Data Scientist,Male,43,3,PhD,Management,2,63741.56,8698.01,72439.56999999999
Marketing Associate,Female,48,3,PhD,Administration,3,65173.04273463485,3215.1651872919447,68388.20792192679
Software Engineer,Male,37,5,Masters,Management,2,92018.99,4121.68,96140.67000000001
Marketing Associate,Female,34,5,College,Sales,3,58689.57486122701,6120.688278522638,64810.26313974965
Software Engineer,Male,59,1,Masters,Operations,1,76040.57,9431.81,85472.38
Graphic Designer,Female,45,3,PhD,Sales,5,68747.79875989057,5373.11732359749,74120.91608348806
Financial Analyst,Male,18,3,Masters,Engineering,2,92101.05,10405.06,102506.11
Manager,Male,42,1,High School,Operations,5,70059.63,7049.68,77109.31
Financial Analyst,Female,40,3,College,Sales,5,66636.8553447016,7711.8967476844655,74348.75209238607
IT,Female,65,4,High School,Engineering,5,73323.43601367556,4045.526129531113,77368.96214320666
Warehouse Associate,Male,31,5,College,Administration,1,95105.12,7814.5,102919.62
Manager,Male,30,2,High School,Sales,2,63077.74,3340.69,66418.43
Warehouse Associate,Female,44,5,Masters,Management,3,84047.12913666469,3710.518991798482,87757.64812846317
Driver,Female,18,3,High School,Operations,3,66137.46165937604,3625.4565230559115,69762.91818243195
Driver,Female,37,1,PhD,Sales,1,108483.80643356519,8830.91940765075,117314.72584121594
Warehouse Associate,Male,62,1,Masters,Engineering,2,52864.46,10413.66,63278.119999999995
Software Engineer,Male,37,2,Masters,Sales,4,82723.53,8366.4,91089.93
IT,Female,38,5,PhD,Engineering,3,65838.59777280789,7725.955958514215,73564.5537313221
Marketing Associate,Female,35,2,PhD,Management,1,66908.84233424356,10648.60281021897,77557.44514446253
Sales Associate,Male,47,4,Masters,Administration,4,54954.3,3650.03,58604.33
Data Scientist,Female,35,2,PhD,Management,3,62157.1493909983,6057.794290437842,68214.94368143614
Graphic Designer,Male,18,5,Masters,Operations,4,96499.61,7485.5,103985.11
Graphic Designer,Male,59,3,High School,Engineering,2,117058.25,7471.03,124529.28
Financial Analyst,Male,29,1,Masters,Engineering,1,92010.45,5392.58,97403.03
Manager,Female,59,5,High School,Administration,3,141441.7043885591,7234.939670427319,148676.64405898642
Data Scientist,Male,65,5,College,Sales,3,64654.32,6273.16,70927.48
Data Scientist,Female,32,3,College,Sales,3,137359.90008278392,4178.423860875509,141538.32394365943
Warehouse Associate,Female,36,4,High School,Operations,4,73627.57745186285,6799.236146074367,80426.81359793722
Financial Analyst,Male,54,5,High School,Administration,2,161233.5,9082.44,170315.94
Manager,Female,43,3,High School,Sales,1,59207.015198674584,9416.455836151741,68623.47103482633
Graphic Designer,Female,23,5,College,Management,1,97279.90760154377,6307.088331964956,103586.99593350873
Marketing Associate,Male,52,5,Masters,Engineering,2,116918.33,4267.9,121186.23
Financial Analyst,Female,25,3,College,Administration,2,70329.22782929357,6589.083475542754,76918.31130483632
Graphic Designer,Female,63,3,High School,Sales,4,124957.13889474553,5115.053955395884,130072.19285014141
Warehouse Associate,Male,64,4,Masters,Operations,2,40647.64,5349.28,45996.92
Warehouse Associate,Male,52,3,Masters,Management,4,100127.52,4748.94,104876.46
Driver,Male,33,2,PhD,Engineering,1,79612.43,7529.16,87141.59
Sales Associate,Male,39,4,College,Sales,4,106117.96,4271.98,110389.94
Graphic Designer,Female,31,5,College,Management,3,97497.5830070248,8166.355315860605,105663.93832288541
IT,Female,42,4,College,Operations,2,76428.22392190163,9060.80777789173,85489.03169979337
Sales Associate,Female,52,4,Masters,Engineering,2,72000.90732207603,3918.7857856259034,75919.69310770194
Sales Associate,Female,36,1,Masters,Operations,3,68666.36141864579,10648.60281021897,79314.96422886476
Data Scientist,Female,31,3,High School,Engineering,3,61788.52742782543,6310.049158390536,68098.57658621596
Software Engineer,Male,27,4,College,Sales,4,86158.18,9292.95,95451.12999999999
Data Scientist,Female,32,3,College,Engineering,5,94143.95210391821,10105.262872974274,104249.21497689249
Graphic Designer,Male,40,2,PhD,Sales,4,101141.36,10486.11,111627.47
Marketing Associate,Male,57,3,PhD,Operations,1,104704.46,7736.88,112441.34000000001
Warehouse Associate,Female,56,3,PhD,Operations,1,82802.20190732823,8568.282788441482,91370.48469576972
Driver,Male,33,3,Masters,Operations,4,93643.64,5834.59,99478.23
Financial Analyst,Male,50,5,College,Sales,4,106505.38,5620.58,112125.96
Financial Analyst,Male,30,3,Masters,Administration,2,110877.62,6320.08,117197.7
Software Engineer,Female,43,3,Masters,Engineering,3,77892.19957827858,7945.019396473133,85837.21897475171
IT,Male,23,1,College,Administration,3,58285.08,5456.59,63741.67
IT,Male,57,4,College,Operations,1,115824.27,5275.36,121099.63
Sales Associate,Male,58,2,High School,Operations,3,160588.24,3204.35,163792.59
Marketing Associate,Male,28,5,Masters,Sales,5,37081.07,5848.01,42929.08
Manager,Male,45,1,PhD,Operations,3,73945.93,5147.71,79093.64
Software Engineer,Female,45,1,College,Operations,1,110760.55078344226,6112.729878830949,116873.2806622732
Financial Analyst,Female,60,4,PhD,Sales,4,71180.21801045483,6920.101984046019,78100.31999450085
Software Engineer,Female,65,2,PhD,Management,3,73614.29346827518,7257.692772863393,80871.98624113857
Sales Associate,Female,19,4,High School,Management,3,57645.795290349706,7699.402814519194,65345.1981048689
Data Scientist,Male,40,5,College,Management,4,83489.14,8465.48,91954.62
Marketing Associate,Male,49,4,PhD,Operations,1,126045.65,11293.0,137338.65
Software Engineer,Male,32,2,Masters,Engineering,3,94187.74,5501.21,99688.95000000001
Warehouse Associate,Male,39,1,College,Operations,5,103758.48,7885.97,111644.45
Data Scientist,Female,39,1,PhD,Management,2,101027.28676236112,6952.237323085447,107979.52408544657
Data Scientist,Female,55,3,PhD,Management,4,44877.81894888284,6323.325730388046,51201.14467927089
Graphic Designer,Female,57,3,College,Engineering,5,82599.77562254183,5045.7102689827525,87645.48589152459
Marketing Associate,Male,58,5,PhD,Sales,2,121084.97,7462.62,128547.59
Marketing Associate,Male,23,2,PhD,Management,5,80460.35,6703.38,87163.73000000001
Driver,Male,58,5,College,Administration,1,74811.11,4782.17,79593.28
Marketing Associate,Male,64,4,Masters,Administration,4,86302.38,3562.9,89865.28
Data Scientist,Male,23,5,High School,Operations,5,100204.8,10755.16,110959.96
IT,Male,60,3,Masters,Sales,4,118223.23,6112.35,124335.58
IT,Male,40,1,Masters,Sales,1,85028.88,5953.65,90982.53
Marketing Associate,Female,24,2,High School,Management,3,43614.87081157862,5343.075307699714,48957.946119278335
Data Scientist,Male,54,3,PhD,Management,1,73541.4,8927.25,82468.65
Sales Associate,Male,62,3,PhD,Engineering,5,97823.37,11293.0,109116.37
IT,Female,18,4,College,Operations,1,105490.66234089174,5207.424196367198,110698.08653725893
Graphic Designer,Female,59,1,College,Engineering,2,66115.1672218045,3658.798823186022,69773.96604499052
Manager,Male,41,1,High School,Sales,5,87918.39,5214.36,93132.75
Financial Analyst,Female,54,5,High School,Engineering,2,84078.94032992015,4288.775936221292,88367.71626614145
Marketing Associate,Male,27,3,PhD,Administration,2,60416.39,7951.08,68367.47
IT,Male,59,2,High School,Sales,2,118059.95,5789.04,123848.98999999999
Financial Analyst,Male,48,2,Masters,Engineering,4,66445.13,8003.11,74448.24
Manager,Female,45,1,PhD,Sales,2,71967.83466526282,6991.680434353619,78959.51509961644
IT,Male,41,3,Masters,Operations,3,70921.12,8455.52,79376.64
Data Scientist,Female,54,2,High School,Sales,5,67630.19353603869,2837.4618009764117,70467.6553370151
Software Engineer,Female,51,3,PhD,Administration,4,115757.45679582021,4427.944207607125,120185.40100342734
Manager,Male,29,5,College,Management,3,139625.9,4995.48,144621.38
Marketing Associate,Male,37,5,PhD,Engineering,4,104568.86,3541.05,108109.91
Graphic Designer,Female,39,4,Masters,Sales,1,84692.38061852739,6303.608889445722,90995.9895079731
Financial Analyst,Male,20,5,College,Management,1,147547.46,4046.75,151594.21
Graphic Designer,Male,47,2,College,Sales,4,80179.98,6212.42,86392.4
IT,Female,20,2,High School,Sales,1,128054.11774285225,8142.829003975811,136196.94674682806
Financial Analyst,Male,34,5,High School,Administration,4,68627.62,8239.16,76866.78
Financial Analyst,Female,43,3,Masters,Operations,1,53871.59930219939,4659.812748387506,58531.4120505869
Driver,Male,29,3,Masters,Operations,3,97966.67,9973.16,107939.83
Data Scientist,Male,31,5,PhD,Operations,3,54010.92,5386.85,59397.77
Marketing Associate,Female,60,2,Masters,Engineering,5,76746.44741245802,5092.310282343332,81838.75769480134
IT,Male,65,2,Masters,Administration,3,65219.97,4758.31,69978.28
IT,Female,31,5,Masters,Management,5,86391.9581931209,4313.565785497893,90705.52397861879
Warehouse Associate,Female,32,2,PhD,Engineering,5,123483.05436713716,6597.437909342324,130080.49227647948
Financial Analyst,Female,20,4,College,Management,2,154229.7954958719,8393.688323167404,162623.4838190393
Sales Associate,Male,53,4,College,Operations,3,75046.12,6525.21,81571.33
IT,Female,65,3,College,Engineering,2,80496.44389562304,7534.643196257479,88031.08709188053
Manager,Male,46,3,High School,Operations,5,116038.21,6235.94,122274.15000000001
Software Engineer,Male,45,4,Masters,Administration,3,83547.53,3837.6,87385.13
Manager,Female,18,4,High School,Sales,1,65215.2288220489,6291.7938718939595,71507.02269394285
Marketing Associate,Female,30,5,Masters,Operations,2,81732.12039220273,5311.967771464071,87044.0881636668
Warehouse Associate,Male,54,2,Masters,Sales,2,115548.37,7353.56,122901.93
Warehouse Associate,Male,61,5,Masters,Sales,3,61254.79,4807.59,66062.38
IT,Female,42,3,PhD,Sales,2,87565.59985936777,3728.925148431394,91294.52500779917
Software Engineer,Male,29,2,College,Administration,5,102566.86,7409.53,109976.39
Software Engineer,Male,34,3,High School,Engineering,5,72834.37,6944.96,79779.33
Graphic Designer,Male,31,3,Masters,Engineering,3,80602.97,3804.63,84407.6
Software Engineer,Female,59,2,College,Engineering,1,71987.61475710363,5429.825636092537,77417.44039319616
Software Engineer,Male,43,5,PhD,Operations,1,132560.76,3599.28,136160.04
Financial Analyst,Male,47,5,PhD,Sales,2,92490.54,6233.38,98723.92
Marketing Associate,Male,41,2,High School,Administration,3,80619.26,9657.77,90277.03
Software Engineer,Male,34,4,High School,Administration,3,131666.1,4175.99,135842.09
Warehouse Associate,Male,24,1,College,Administration,1,116187.56,5904.96,122092.52
Software Engineer,Male,31,1,PhD,Sales,1,95259.75,6382.58,101642.33
Data Scientist,Male,46,2,High School,Administration,4,117256.54,7471.03,124727.56999999999
Software Engineer,Male,46,2,Masters,Operations,1,60826.01,3933.31,64759.32
Graphic Designer,Male,60,1,PhD,Operations,4,94331.73,5936.25,100267.98
IT,Male,25,1,PhD,Engineering,5,104259.34,4958.8,109218.14
Data Scientist,Male,34,4,Masters,Management,4,56386.12,8245.93,64632.05
IT,Female,43,1,College,Engineering,2,90043.53477462775,8505.869698916253,98549.40447354401
Data Scientist,Female,25,4,High School,Sales,4,84939.18124383822,6108.646955766374,91047.8281996046
Manager,Female,24,2,College,Operations,2,78127.8100778799,5119.768647156364,83247.57872503626
Marketing Associate,Female,59,3,High School,Operations,4,154229.7954958719,10648.60281021897,164878.39830609085
Software Engineer,Male,47,1,High School,Administration,1,110203.75,8260.07,118463.82
Software Engineer,Female,28,4,Masters,Administration,4,55627.26480749637,7335.2965992408845,62962.56140673726
Graphic Designer,Female,32,5,PhD,Administration,3,76584.69689137026,5073.630673588312,81658.32756495857
Sales Associate,Female,36,2,Masters,Engineering,1,86209.04597724816,7242.209725121978,93451.25570237014
Data Scientist,Male,37,4,Masters,Management,5,155165.27,4306.97,159472.24
Software Engineer,Female,46,1,High School,Management,5,84364.10832643282,2472.5540880988206,86836.66241453165
IT,Female,41,2,College,Operations,2,75869.73882121131,7378.737769121943,83248.47659033326
Software Engineer,Female,40,5,Masters,Administration,3,55881.54840030619,8759.90672035441,64641.4551206606
Manager,Male,53,1,Masters,Engineering,3,156980.75,11293.0,168273.75
Software Engineer,Male,18,2,Masters,Management,2,79806.97,8075.6,87882.57
Graphic Designer,Male,44,3,Masters,Management,5,102526.88,5205.9,107732.78
Marketing Associate,Male,19,5,High School,Sales,5,98717.8,3519.41,102237.21
Sales Associate,Male,52,4,College,Engineering,4,88146.44,5907.04,94053.48
Marketing Associate,Female,29,3,PhD,Operations,5,49969.798122867855,10648.60281021897,60618.40093308683
Sales Associate,Male,31,3,College,Engineering,2,77511.34,7965.25,85476.59
Marketing Associate,Male,28,1,PhD,Administration,3,114254.62,8500.98,122755.59999999999
Warehouse Associate,Female,51,1,PhD,Sales,5,76276.11029588427,2739.961975369696,79016.07227125396
Financial Analyst,Female,49,5,High School,Management,5,81863.50997405719,5637.903842249539,87501.41381630673
Manager,Male,45,5,Masters,Sales,1,112772.07,4220.03,116992.1
Software Engineer,Male,65,1,College,Sales,2,135128.97,4307.99,139436.96
Data Scientist,Male,37,2,Masters,Management,3,115353.96,7085.32,122439.28
Data Scientist,Female,48,2,High School,Sales,2,74076.7357108821,6590.846770261173,80667.58248114327
Financial Analyst,Female,32,1,College,Engineering,4,70982.16823188917,6790.231084811851,77772.39931670102
Graphic Designer,Female,19,5,PhD,Operations,2,94299.6784929139,6716.549881979078,101016.22837489298
Sales Associate,Male,58,3,High School,Engineering,2,115185.46,4229.51,119414.97
Data Scientist,Female,30,2,College,Management,3,76660.05861221447,4898.479874686499,81558.53848690097
Data Scientist,Female,39,2,Masters,Administration,4,82544.8032718554,5851.38508516405,88396.18835701945
Marketing Associate,Male,50,3,Masters,Operations,3,79281.01,9409.82,88690.82999999999
Marketing Associate,Male,36,3,College,Administration,5,82707.09,8092.23,90799.31999999999
Software Engineer,Male,51,3,College,Engineering,5,118762.86,4232.1,122994.96
Manager,Male,45,3,PhD,Administration,2,77848.24,6336.42,84184.66
Financial Analyst,Male,58,1,PhD,Engineering,3,101370.63,4879.19,106249.82
Warehouse Associate,Male,41,1,PhD,Administration,4,85904.59,8540.18,94444.76999999999
Driver,Male,33,1,High School,Management,3,71510.17,10323.39,81833.56
IT,Female,51,5,College,Administration,5,97696.43943575663,4706.365614830481,102402.80505058712
Sales Associate,Male,45,2,High School,Sales,2,89383.12,5876.47,95259.59
Graphic Designer,Female,42,2,High School,Engineering,3,94503.52070618348,3602.326245278999,98105.84695146247
Manager,Female,50,5,Masters,Operations,1,38525.00265824126,5285.810661576931,43810.81331981819
Manager,Male,58,2,Masters,Operations,2,98738.78,9875.45,108614.23
Sales Associate,Female,41,3,High School,Management,1,64998.30857842557,2936.3100284266247,67934.6186068522
IT,Male,42,2,High School,Management,4,90505.61,4064.5,94570.11
Marketing Associate,Male,34,5,College,Sales,4,126860.31,4495.1,131355.41
Data Scientist,Female,34,2,PhD,Operations,4,79322.08139305748,4619.992461778496,83942.07385483598
Software Engineer,Female,44,5,Masters,Sales,2,98115.11661615614,6248.937323791201,104364.05393994735
Software Engineer,Female,38,2,College,Administration,2,66862.51143799692,4055.1252419554494,70917.63667995237
Graphic Designer,Female,44,2,PhD,Management,5,100294.82266731921,7580.903751811303,107875.72641913051
Financial Analyst,Female,46,2,College,Management,4,51408.08969469837,4154.576949951003,55562.66664464938
Marketing Associate,Male,42,2,PhD,Management,3,69101.17,3521.21,72622.38
Manager,Female,52,3,Masters,Management,4,72965.09454942906,10648.60281021897,83613.69735964804
Driver,Female,39,1,High School,Operations,3,124927.27567582754,3494.9444257423183,128422.22010156985
Warehouse Associate,Male,18,5,High School,Administration,1,89759.36,7441.08,97200.44
Marketing Associate,Male,27,1,PhD,Operations,3,117341.42,7545.24,124886.66
Driver,Male,35,4,College,Management,1,92717.7,3850.21,96567.91
Warehouse Associate,Male,49,1,High School,Operations,4,131639.68,7347.87,138987.55
Warehouse Associate,Female,53,3,High School,Management,5,40334.45628312962,4951.114693500492,45285.570976630115
Financial Analyst,Male,31,2,PhD,Engineering,4,100660.83,5380.45,106041.28
Sales Associate,Female,35,2,Masters,Management,2,89608.85331167592,10648.60281021897,100257.4561218949
Software Engineer,Female,40,2,High School,Administration,4,96911.68038206924,6323.740623262969,103235.42100533222
IT,Female,51,3,College,Engineering,5,134343.002717132,3645.6354037907636,137988.63812092278
Manager,Female,18,4,College,Engineering,4,154229.7954958719,8086.648736957938,162316.44423282982
Manager,Female,32,5,College,Sales,3,63138.14755106984,7316.456690966009,70454.60424203584
Sales Associate,Male,37,3,Masters,Sales,3,94405.7,6031.15,100436.84999999999
Data Scientist,Female,61,4,High School,Administration,5,57666.28763712448,5525.024692120139,63191.31232924462
Financial Analyst,Male,38,5,High School,Operations,1,71168.2,6820.43,77988.63
Marketing Associate,Female,21,5,Masters,Management,2,77392.0850566343,4156.3591034364645,81548.44416007077
Data Scientist,Male,37,4,College,Management,3,93596.5,3156.69,96753.19
Driver,Male,32,2,Masters,Management,1,125309.06,8153.03,133462.09
IT,Female,39,3,College,Operations,4,69187.0541009123,7923.850430468582,77110.90453138087
Financial Analyst,Male,61,4,High School,Administration,4,86282.89,6577.93,92860.82
Financial Analyst,Male,25,2,High School,Management,4,60323.75,5267.03,65590.78
Financial Analyst,Female,38,3,Masters,Management,2,117307.55522951356,8076.191550633194,125383.74678014676
Driver,Male,43,4,Masters,Operations,1,103744.36,5058.49,108802.85
Marketing Associate,Female,31,5,Masters,Engineering,4,79702.24531871446,7706.946321335961,87409.19164005041
Manager,Female,65,2,PhD,Administration,1,29355.200941003448,8707.70565318238,38062.90659418583
Marketing Associate,Male,37,2,PhD,Management,2,81318.28,8557.76,89876.04
Warehouse Associate,Male,60,3,High School,Engineering,1,146146.81,5180.67,151327.48
Data Scientist,Male,36,2,College,Management,1,84111.71,9333.66,93445.37000000001
Sales Associate,Female,60,5,Masters,Administration,5,85080.79983631056,5115.563142106016,90196.36297841657
Marketing Associate,Female,34,1,Masters,Engineering,2,93513.93257998065,10168.524607016387,103682.45718699704
Financial Analyst,Male,31,3,College,Operations,4,91860.14,5368.61,97228.75
Warehouse Associate,Male,20,1,PhD,Administration,2,90369.11,10357.84,100726.95
IT,Female,18,4,High School,Engineering,2,89950.66702890057,7562.535312712475,97513.20234161304
Financial Analyst,Male,45,5,PhD,Engineering,5,74569.44,4595.94,79165.38
Software Engineer,Male,31,4,College,Operations,2,34208.0,3439.87,37647.87
Warehouse Associate,Female,60,4,College,Administration,4,73853.39659146835,6586.264089869987,80439.66068133834
Software Engineer,Male,44,3,Masters,Engineering,2,70071.3,5981.01,76052.31
Driver,Female,38,1,PhD,Sales,5,77768.78210285367,5548.947038112811,83317.72914096648
Warehouse Associate,Female,42,5,College,Sales,4,42371.78857996266,6840.895162469964,49212.68374243262
Software Engineer,Male,31,2,PhD,Engineering,3,85993.14,6696.79,92689.93
Data Scientist,Female,48,2,College,Sales,5,74849.00884976325,4966.541164940781,79815.55001470403
Marketing Associate,Male,65,4,College,Operations,4,60145.98,3719.66,63865.64
Graphic Designer,Male,49,3,High School,Operations,3,129066.37,4253.79,133320.16
Graphic Designer,Male,52,2,PhD,Management,2,81934.77,4503.27,86438.04000000001
Financial Analyst,Male,44,2,Masters,Administration,5,93912.91,7021.66,100934.57
Software Engineer,Male,54,2,College,Sales,4,70429.05,3809.35,74238.40000000001
Data Scientist,Female,55,4,High School,Management,4,73311.92837673044,7687.2389097771575,80999.1672865076
Software Engineer,Female,52,4,High School,Management,3,68260.94247767971,3108.5188596698986,71369.46133734961
Sales Associate,Male,39,2,High School,Administration,4,127480.3,6100.12,133580.42
Driver,Female,18,1,High School,Sales,3,93618.52249727162,7841.673353083423,101460.19585035504
Graphic Designer,Male,41,2,College,Administration,1,74343.45,7992.12,82335.56999999999
Driver,Male,43,3,College,Sales,4,72766.07,4329.56,77095.63
Software Engineer,Male,56,5,High School,Management,5,75365.73,5173.81,80539.54
Marketing Associate,Male,22,4,High School,Engineering,3,71384.36,5236.11,76620.47
IT,Male,47,3,High School,Operations,3,95028.2,9500.69,104528.89
IT,Female,26,5,Masters,Engineering,4,79341.57829920165,6875.849887182158,86217.42818638381
Graphic Designer,Female,43,1,PhD,Administration,1,101693.21938146302,8287.871781295202,109981.09116275821
Graphic Designer,Female,18,5,Masters,Engineering,4,73662.83836178643,10648.60281021897,84311.4411720054
IT,Female,25,3,High School,Administration,1,51149.97022290685,3920.1530462364426,55070.123269143296
Manager,Male,37,4,PhD,Engineering,1,129187.64,6687.58,135875.22
IT,Male,64,2,High School,Sales,5,67911.55,7212.38,75123.93000000001
IT,Male,43,5,High School,Management,2,122591.77,6169.45,128761.22
Software Engineer,Female,30,3,High School,Sales,5,105901.59911224985,7743.984939806289,113645.58405205615
Financial Analyst,Male,59,5,College,Administration,2,124962.46,5989.43,130951.89000000001
Software Engineer,Female,44,2,PhD,Administration,2,117423.73859759713,10648.60281021897,128072.3414078161
Manager,Male,42,4,College,Operations,1,120029.0,8023.76,128052.76
IT,Female,45,3,Masters,Management,2,99763.06858011441,4734.370883887729,104497.43946400215
Graphic Designer,Female,43,2,High School,Administration,1,66315.93729933482,7036.903757720138,73352.84105705496
Sales Associate,Female,33,4,Masters,Management,1,60515.95097683558,6150.192819559718,66666.14379639529
IT,Male,31,1,High School,Management,4,109546.32,4348.03,113894.35
Manager,Male,46,2,Masters,Management,4,105799.43,4478.68,110278.10999999999
Graphic Designer,Male,56,5,Masters,Sales,5,78346.32,9835.28,88181.6
Software Engineer,Female,43,5,High School,Management,5,94955.79400786573,5068.538806486994,100024.33281435272
Graphic Designer,Male,58,1,High School,Engineering,3,68577.19,4280.52,72857.71
Financial Analyst,Female,51,2,PhD,Administration,3,84978.09782366382,8107.383951320527,93085.48177498435
Data Scientist,Male,34,2,College,Engineering,1,54123.82,8484.97,62608.79
Warehouse Associate,Female,18,5,College,Engineering,1,77838.61741192112,5531.455531681432,83370.07294360256
Graphic Designer,Female,38,5,Masters,Engineering,2,82428.43969469218,7682.627941235409,90111.06763592758
Manager,Male,53,1,Masters,Administration,4,86578.23,7965.63,94543.86
Warehouse Associate,Female,42,2,High School,Sales,3,96335.8437214214,6512.33772306567,102848.18144448707
Warehouse Associate,Female,46,2,Masters,Management,3,65674.85637045895,6654.645979163983,72329.50234962293
Data Scientist,Female,37,2,High School,Engineering,5,69747.19540885871,7081.155854583999,76828.3512634427
Driver,Male,47,1,Masters,Management,1,49597.35,10429.68,60027.03
Software Engineer,Female,51,4,Masters,Engineering,2,87050.85407673063,7868.207638311403,94919.06171504203
Data Scientist,Female,28,3,Masters,Management,3,98145.79506662507,6947.013444614836,105092.8085112399
Driver,Female,36,1,High School,Management,4,64042.63408474111,5920.672195276056,69963.30628001716
Sales Associate,Female,18,5,High School,Operations,2,67765.650694263,8723.594164415195,76489.24485867818
Financial Analyst,Male,39,2,High School,Management,2,109038.12,5680.69,114718.81
Financial Analyst,Female,33,3,PhD,Operations,1,75347.88765200404,6336.668308070204,81684.55596007424
Driver,Male,41,5,Masters,Operations,1,85889.8,7951.92,93841.72
Warehouse Associate,Female,60,5,College,Administration,3,54579.975450257734,7683.03340472681,62263.008854984546
Warehouse Associate,Female,49,4,PhD,Management,4,88674.4949777019,6336.083686291904,95010.57866399382
Graphic Designer,Female,39,1,College,Operations,2,58170.358177136906,7641.176371277273,65811.53454841417
Manager,Male,33,4,College,Management,3,84548.99,5227.19,89776.18000000001
Manager,Female,18,5,College,Sales,3,63960.77625564375,4881.308967294833,68842.08522293858
Warehouse Associate,Male,64,5,PhD,Engineering,3,136379.18,5133.15,141512.33
Warehouse Associate,Female,58,1,College,Sales,4,88452.7691586205,6962.666221259628,95415.43537988013
Warehouse Associate,Female,56,4,Masters,Engineering,3,81400.44987174853,9343.491266466559,90743.94113821509
Graphic Designer,Female,65,5,PhD,Operations,3,96230.57587473546,6240.045415130937,102470.6212898664
Driver,Male,39,1,College,Administration,1,66240.75,9828.71,76069.45999999999
Driver,Female,58,3,High School,Sales,4,77226.00093624955,4932.8405482368735,82158.84148448642
Software Engineer,Female,51,2,High School,Engineering,2,75815.98502715892,5062.456854115976,80878.4418812749
IT,Male,37,3,College,Engineering,3,124599.29,6745.13,131344.41999999998
Financial Analyst,Male,57,4,Masters,Administration,1,91479.75,6660.45,98140.2
Financial Analyst,Male,31,4,College,Management,4,166860.52,7853.44,174713.96
Marketing Associate,Male,21,5,College,Sales,4,95346.12,7365.68,102711.79999999999
Driver,Male,54,5,Masters,Engineering,1,141396.47,5686.42,147082.89
Data Scientist,Female,22,1,High School,Engineering,1,87074.4099778599,5735.337662171608,92809.7476400315
Sales Associate,Male,65,2,PhD,Operations,2,62094.83,3618.64,65713.47
Marketing Associate,Female,65,3,Masters,Management,5,100077.7737029247,3333.21163959083,103410.98534251552
Manager,Female,27,1,PhD,Administration,5,77000.53363341866,3956.248726354673,80956.78235977334
Manager,Female,44,4,High School,Administration,4,109001.87321209924,10648.60281021897,119650.47602231821
IT,Female,53,3,High School,Management,1,89784.8746755972,10539.75943623654,100324.63411183373
Sales Associate,Female,29,1,High School,Management,1,80591.78308015724,4892.784527039839,85484.56760719708
Software Engineer,Male,33,3,College,Sales,4,116171.39,4846.0,121017.39
Graphic Designer,Female,18,2,High School,Management,2,44886.55479855483,6075.747836661748,50962.30263521658
IT,Female,46,5,College,Engineering,2,58355.73325043192,4217.348356050028,62573.08160648195
Sales Associate,Female,31,2,PhD,Administration,1,97869.52596609459,7037.922131140402,104907.44809723498
Financial Analyst,Male,41,4,College,Engineering,2,53417.19,8459.22,61876.41
IT,Male,36,1,High School,Management,2,63537.65,9207.07,72744.72
Data Scientist,Male,60,2,College,Administration,3,57284.54,8622.57,65907.11
Warehouse Associate,Male,46,3,High School,Management,1,71880.14,9903.51,81783.65
Marketing Associate,Male,38,5,PhD,Management,3,63496.84,4452.55,67949.39
Warehouse Associate,Female,41,3,PhD,Sales,3,73176.5398695841,7248.008795987367,80424.54866557146
Sales Associate,Female,18,5,High School,Sales,3,91645.1043540309,5769.820917707754,97414.92527173866
Data Scientist,Female,45,4,High School,Engineering,3,98804.02160222454,6043.301327966128,104847.32293019067
Marketing Associate,Male,53,4,PhD,Administration,3,85236.31,5699.0,90935.31
Marketing Associate,Male,56,5,PhD,Operations,1,76642.39,7415.44,84057.83
IT,Male,35,1,PhD,Management,5,86818.83,4987.36,91806.19
Graphic Designer,Male,46,2,PhD,Engineering,5,82775.25,5176.12,87951.37
Software Engineer,Male,52,2,High School,Engineering,5,76729.44,7906.91,84636.35
Data Scientist,Male,36,2,High School,Administration,3,82251.57,6307.83,88559.40000000001
Manager,Female,32,4,College,Engineering,2,73190.46745702774,8499.04282524708,81689.51028227482
Financial Analyst,Female,30,3,Masters,Engineering,4,75584.63947577664,7840.947290552311,83425.58676632895
Warehouse Associate,Female,27,5,PhD,Administration,1,110937.20716983476,10648.60281021897,121585.80998005373
Data Scientist,Male,36,2,PhD,Administration,3,98235.35,7899.78,106135.13
Data Scientist,Male,40,3,High School,Engineering,1,86738.28,7302.91,94041.19
Financial Analyst,Female,34,5,College,Management,4,88489.3430204103,4420.768446747676,92910.11146715799
Manager,Female,53,3,College,Operations,1,54212.597787873114,10326.938250168498,64539.53603804161
Financial Analyst,Female,41,1,PhD,Engineering,2,103992.83312168965,4612.769554001442,108605.60267569109
Financial Analyst,Female,25,4,Masters,Administration,4,49128.22172077355,4033.484806774848,53161.7065275484
Manager,Male,37,2,College,Sales,2,86170.29,5768.71,91939.0
Warehouse Associate,Male,18,4,Masters,Sales,4,54102.26,9759.57,63861.83
Warehouse Associate,Male,65,2,Masters,Sales,2,56730.01,5998.13,62728.14
Data Scientist,Female,52,4,PhD,Management,1,98893.12212004799,6401.42931409215,105294.55143414014
Marketing Associate,Female,37,3,Masters,Administration,3,71568.98048362786,3632.245679191002,75201.22616281887
Manager,Female,65,4,Masters,Sales,1,68272.0553709265,7698.686181371601,75970.74155229809
Manager,Female,60,1,Masters,Management,4,87708.56572924533,4707.402847017786,92415.96857626311
Manager,Male,46,4,High School,Management,1,84674.46,10831.91,95506.37000000001
Marketing Associate,Female,53,3,PhD,Engineering,4,118263.69311797433,8304.392061223924,126568.08517919824
Graphic Designer,Male,35,3,College,Operations,1,86115.67,6692.64,92808.31
Graphic Designer,Male,19,1,PhD,Sales,4,90129.38,6991.68,97121.06
Sales Associate,Female,35,4,High School,Operations,2,92962.38123816554,3941.4728823773303,96903.85412054288
Financial Analyst,Male,46,1,College,Operations,3,89969.09,9463.15,99432.23999999999
Graphic Designer,Female,43,5,PhD,Operations,1,79407.00277650935,4878.517869772629,84285.52064628198
Warehouse Associate,Female,50,2,Masters,Management,3,127486.78523448821,5868.78229776022,133355.56753224845
Data Scientist,Male,18,5,Masters,Operations,1,113759.89,6334.23,120094.12
Software Engineer,Male,47,2,PhD,Administration,4,61356.71,6272.88,67629.59
IT,Male,26,3,Masters,Management,3,61887.38,11293.0,73180.38
Data Scientist,Female,30,3,PhD,Management,4,108423.98560049696,7726.097399267029,116150.082999764
IT,Male,50,5,College,Management,4,75945.81,8170.19,84116.0
Marketing Associate,Female,52,4,College,Management,3,77100.32655663631,6278.338141609552,83378.66469824586
Warehouse Associate,Male,42,1,High School,Sales,2,84590.32,6954.82,91545.14000000001
Driver,Male,57,5,High School,Engineering,1,158555.44,5129.93,163685.37
Warehouse Associate,Female,18,1,Masters,Operations,5,92505.34526794896,5258.380584914461,97763.72585286341
Software Engineer,Female,48,4,Masters,Sales,3,94440.90234168789,5429.627619038597,99870.52996072649
Data Scientist,Female,28,4,PhD,Management,2,72426.80144704739,2778.631877189149,75205.43332423654
Graphic Designer,Female,63,4,Masters,Sales,4,135480.26789343823,9805.35190070665,145285.61979414488
Manager,Male,31,1,Masters,Administration,3,103967.84,6023.34,109991.18
Manager,Male,50,3,Masters,Operations,3,83710.74,3159.6,86870.34000000001
Marketing Associate,Male,48,4,PhD,Management,5,100036.84,7298.89,107335.73
Driver,Male,41,5,PhD,Management,2,117373.22,2932.4,120305.62
Financial Analyst,Female,36,2,PhD,Operations,4,66491.95008187134,5522.035577543995,72013.98565941534
Software Engineer,Male,64,3,College,Administration,3,114235.54,9079.52,123315.06
Marketing Associate,Female,36,2,Masters,Sales,4,108221.5850598648,7412.796702399647,115634.38176226444
Software Engineer,Female,21,4,High School,Management,3,53678.10623893415,8243.836560252323,61921.94279918648
Data Scientist,Male,30,4,High School,Engineering,4,159142.57,10388.47,169531.04
Marketing Associate,Female,65,2,High School,Operations,5,61164.18878059007,6519.871800498916,67684.06058108898
Data Scientist,Female,53,1,Masters,Administration,1,92800.0986712235,7171.1027439904265,99971.20141521393
Sales Associate,Female,22,1,High School,Sales,5,77338.88047120569,8360.22344105152,85699.10391225721
Marketing Associate,Female,65,2,College,Administration,3,90770.7899691285,10648.60281021897,101419.39277934747
Graphic Designer,Male,33,3,High School,Engineering,3,72020.21,6782.23,78802.44
Warehouse Associate,Female,51,2,High School,Engineering,1,106074.40245689116,7299.417794943636,113373.8202518348
Software Engineer,Male,44,1,Masters,Administration,1,82876.73,7553.93,90430.66
Warehouse Associate,Male,58,3,High School,Operations,1,90365.54,5547.97,95913.51
IT,Male,54,4,Masters,Administration,1,141531.89,8351.19,149883.08000000002
Sales Associate,Female,48,4,High School,Management,2,97759.65849718449,4690.024493188659,102449.68299037314
Graphic Designer,Male,53,3,PhD,Operations,1,104127.9,9568.61,113696.51
Software Engineer,Male,29,5,High School,Management,2,61073.47,6471.62,67545.09
Graphic Designer,Female,42,5,PhD,Management,5,45393.60307907433,5054.7624771628725,50448.3655562372
Graphic Designer,Female,31,1,Masters,Operations,4,87356.17116462818,3421.21607599194,90777.38724062011
Data Scientist,Male,46,2,High School,Engineering,1,72517.04,4703.85,77220.89
Driver,Male,61,2,Masters,Sales,1,90198.25,11212.25,101410.5
Data Scientist,Female,34,1,Masters,Administration,5,84551.55151345173,5757.826741869095,90309.37825532083
Software Engineer,Male,41,5,High School,Operations,4,64306.95,8356.6,72663.55
IT,Male,18,4,Masters,Sales,1,114202.24,5328.72,119530.96
Data Scientist,Female,26,4,College,Operations,5,57104.93635392882,2820.404046186997,59925.34040011581
Warehouse Associate,Male,18,4,High School,Engineering,2,83538.33,7732.93,91271.26000000001
IT,Female,18,3,High School,Engineering,1,68212.26886339726,4735.360969157429,72947.62983255468
Data Scientist,Female,26,5,Masters,Administration,3,71280.43142152506,6023.131876614797,77303.56329813987
